0.49982864,0.30021918,0.19995214
0.8654202,0.00897254,0.12560728
0.875597,0.0008698155,0.12353325
0.9478455,0.0001982347,0.05195637
0.69143945,0.0031514105,0.3054091
0.7496839,4.332352e-06,0.2503117
0.9570106,1.8519864e-05,0.042970877
0.9570106,1.8519864e-05,0.042970877
0.956451,3.3718366e-05,0.04351526
0.956451,3.3718366e-05,0.04351526
0.8595531,3.2690514e-05,0.1404142
0.9735381,2.5367981e-05,0.026436476
0.9458187,0.008145205,0.046036117
0.93260556,1.8755996e-05,0.0673756
0.8791917,6.760851e-05,0.12074074
0.83220136,0.022824299,0.1449744
0.83220136,0.022824299,0.1449744
0.5175349,0.021358224,0.46110687
0.5175349,0.021358224,0.46110687
0.93385726,0.0005499245,0.065592766
0.8487067,0.0013080117,0.1499853
0.9458371,0.0045586885,0.049604297
0.8268441,0.0013413209,0.17181459
0.99226975,0.0032001513,0.004530014
0.77406496,0.007248182,0.21868685
0.965519,0.020424917,0.014056118
0.9717459,0.0019803292,0.026273863
0.9597661,0.03511939,0.0051145316
0.9597661,0.03511939,0.0051145316
0.92141354,0.0621012,0.016485276
0.92141354,0.0621012,0.016485276
0.66330534,0.01150801,0.32518658
0.48635557,0.019424003,0.49422044
0.85797757,0.025857199,0.11616521
0.94092554,0.0018509546,0.0572235
0.97607136,0.0006752706,0.023253389
0.97607136,0.0006752706,0.023253389
0.7575504,0.02993034,0.21251923
0.70392627,0.23084511,0.06522853
0.9397889,3.4954617e-05,0.060176242
0.9397889,3.4954617e-05,0.060176242
0.90926313,1.9531532e-05,0.0907174
0.92715764,2.7777058e-05,0.072814636
0.07968802,0.19349347,0.7268185
0.5025658,0.058213755,0.43922052
0.78139263,0.07658871,0.14201866
0.12837066,0.0005045583,0.87112474
0.36981332,0.0045204163,0.62566626
0.07743228,2.387882e-05,0.9225438
0.64660615,0.0004445031,0.3529493
0.94055235,0.0013400065,0.058107585
0.8923638,0.019545432,0.088090695
0.7827837,0.019389747,0.19782658
0.39721212,0.00087128195,0.60191655
0.6992416,0.0030416886,0.29771674
0.65760595,0.005161241,0.33723286
0.8712911,0.017039595,0.1116692
0.6421658,0.0077554993,0.35007864
0.84728426,0.005310701,0.14740501
0.8091989,0.0036436995,0.18715733
0.78392947,0.00026438752,0.21580617
0.76026946,0.1125409,0.12718967
0.7415041,0.0034323013,0.25506365
0.6968642,0.0005604947,0.30257532
0.82339644,0.05036236,0.1262413
0.85007006,0.0024345592,0.14749533
0.7416786,0.0043883747,0.253933
0.6827908,0.022959838,0.29424936
0.22327763,0.7536433,0.023079095
0.9875966,0.0067420425,0.0056612957
0.9242867,0.060175404,0.01553784
0.90852576,0.05844132,0.033032883
0.8741357,0.0055594896,0.12030492
0.9259269,0.0016547521,0.07241829
0.946273,0.012593295,0.041133743
0.9773637,0.0013613323,0.021275027
0.5683494,1.9285417e-05,0.4316313
0.79108006,0.08993537,0.118984595
0.9527464,0.0025007683,0.044752937
0.9497057,0.00029132026,0.050002974
0.9497057,0.00029132026,0.050002974
0.945005,0.00039780422,0.054597195
0.945005,0.00039780422,0.054597195
0.87326556,0.008234951,0.118499495
0.93956274,0.010310887,0.050126374
0.6403075,4.2446834e-05,0.35965005
0.8813383,0.0006551137,0.11800658
0.77462107,0.0004595778,0.22491936
0.36154824,0.0031310746,0.6353207
0.76369745,0.00048999215,0.23581254
0.76369745,0.00048999215,0.23581254
0.8347066,0.004269734,0.16102362
0.8692564,0.0074664433,0.12327717
0.8692564,0.0074664433,0.12327717
0.7837682,8.643265e-05,0.21614543
0.816217,4.419879e-05,0.18373883
0.7991551,0.0004732611,0.20037162
0.53064203,9.925333e-05,0.4692587
0.77462107,0.0004595778,0.22491936
0.79034156,0.00040849985,0.2092499
0.4457721,0.00067272346,0.5535552
0.8901515,0.00018688655,0.109661624
0.86376184,0.0021557151,0.13408239
0.803726,0.0015368086,0.19473721
0.803726,0.0015368086,0.19473721
0.7586538,0.00051434885,0.24083191
0.84059674,0.00040219614,0.15900104
0.7808134,0.00014177631,0.21904482
0.5819306,0.0018338265,0.41623554
0.8654202,0.00897254,0.12560728
0.67108244,0.0024877135,0.32642975
0.67108244,0.0024877135,0.32642975
0.70351195,0.02455445,0.27193367
0.6856566,0.1211279,0.19321552
0.6930328,1.3150466e-05,0.3069541
0.6930328,1.3150466e-05,0.3069541
0.76052916,7.986056e-05,0.23939094
0.76052916,7.986056e-05,0.23939094
0.8164944,2.4330484e-05,0.18348123
0.9379354,0.0005772765,0.061487347
0.0035875991,0.9958229,0.0005895325
2.7190372e-05,0.99987316,9.960897e-05
1.7747772e-05,0.99997556,6.709686e-06
4.617835e-06,0.9999913,4.050945e-06
1.922138e-06,0.9999968,1.3306491e-06
1.3880322e-06,0.99999774,9.1589817e-07
1.6462103e-07,0.9999995,2.6772153e-07
3.8253694e-07,0.99999905,6.196186e-07
5.338668e-06,0.9999895,5.1520647e-06
8.28334e-05,0.99991274,4.4381704e-06
5.869317e-07,0.9999989,4.829811e-07
8.76802e-05,0.9998908,2.1454316e-05
6.911449e-06,0.9999882,4.851394e-06
0.0018286569,0.9665572,0.03161414
0.0045676664,0.959785,0.035647362
0.004760984,0.9924428,0.0027961517
0.0036931918,0.9890246,0.0072822575
0.002711779,0.9909905,0.0062976647
0.00023230106,0.9996587,0.00010900832
0.00030681049,0.9993849,0.00030824787
0.0022961064,0.9959176,0.001786321
0.0017605211,0.9972139,0.0010256285
0.0016353226,0.99511045,0.0032542252
0.00027934142,0.99957687,0.00014376343
0.0013854816,0.99352324,0.005091267
0.0011354345,0.9954503,0.0034143075
0.0023620666,0.98851776,0.009120166
0.006232778,0.98855865,0.0052085384
0.0015248156,0.99532557,0.003149556
0.0007636543,0.99881953,0.0004168351
0.0006626597,0.999014,0.00032334425
0.0025846416,0.9952472,0.0021682312
0.0011799763,0.98729265,0.011527362
0.0016180864,0.99327433,0.0051076068
4.6584126e-05,0.9999027,5.0654522e-05
0.0025591908,0.9895253,0.007915432
0.00588755,0.9856989,0.008413586
0.0014530561,0.9955253,0.003021612
0.014322402,0.95682627,0.028851267
0.029669791,0.8450357,0.12529461
0.0020970907,0.992265,0.005638001
0.00027840785,0.99940884,0.00031279353
0.0013727053,0.9960084,0.0026188574
2.7190372e-05,0.99987316,9.960897e-05
6.911449e-06,0.9999882,4.851394e-06
8.91197e-06,0.99996424,2.6874479e-05
0.00027934142,0.99957687,0.00014376343
4.6584126e-05,0.9999027,5.0654522e-05
0.0005056759,0.99800235,0.0014920165
1.3225525e-05,0.99997556,1.1207545e-05
7.017247e-05,0.99988914,4.0710747e-05
9.49908e-05,0.9995782,0.00032682362
0.00014158324,0.9996573,0.00020113519
0.00018576976,0.9994765,0.00033777254
8.91197e-06,0.99996424,2.6874479e-05
1.3548069e-05,0.99995434,3.2152504e-05
0.00033507266,0.9995283,0.00013665135
0.00020980647,0.9995339,0.00025634447
6.6208995e-05,0.99989295,4.080598e-05
0.00033507266,0.9995283,0.00013665135
0.0003031107,0.9993691,0.00032776926
0.00013265439,0.99956864,0.00029869762
0.00014639083,0.99960405,0.00024961887
0.0005314069,0.9990386,0.00043003997
0.0012795818,0.996117,0.0026033658
0.00072831125,0.99814284,0.0011287944
0.00035491236,0.9979717,0.0016733109
5.6823465e-05,0.9999343,8.83346e-06
0.0005301214,0.9975721,0.0018977345
0.0027471227,0.9903144,0.0069383862
0.0023730388,0.9937738,0.0038530643
0.01102576,0.97530955,0.013664679
0.0006645612,0.99853206,0.00080335856
0.0045384956,0.99107283,0.004388679
0.005284762,0.98975676,0.0049584755
0.0016098797,0.9980755,0.0003145642
0.0020593856,0.99733907,0.0006015013
0.0014033853,0.9974515,0.0011451469
0.00021241444,0.99966526,0.0001222864
0.00071206124,0.9978624,0.0014255786
0.0055185705,0.9895314,0.004950033
0.0014606271,0.9983078,0.00023150841
0.001146665,0.99862087,0.00023243486
0.0032065294,0.9961428,0.0006506678
0.00088923663,0.9984194,0.00069141894
0.002175635,0.9974125,0.00041190628
0.00083635777,0.9988232,0.00034034927
0.0014303379,0.9984711,9.8553486e-05
0.0029545801,0.9967249,0.00032050032
0.00048910745,0.998645,0.0008658721
1.4881406e-06,0.999998,5.06537e-07
5.531412e-07,0.9999994,5.386841e-08
6.100601e-06,0.9999882,5.681545e-06
0.0009106198,0.99533373,0.0037556426
2.8663482e-05,0.9995022,0.00046919295
0.0013838692,0.9830595,0.015556611
0.00067967706,0.9976259,0.0016944706
0.0006362088,0.99558145,0.003782345
0.00020623942,0.9986242,0.0011695776
2.700055e-05,0.99943465,0.00053827674
0.020301942,0.94460666,0.03509137
3.6896916e-05,0.99943715,0.0005259618
6.457871e-06,0.9999807,1.2819821e-05
0.005684457,0.98700434,0.00731116
0.0002555973,0.9991787,0.0005656323
0.00030597494,0.9994425,0.00025155087
8.615222e-06,0.99998844,2.9529267e-06
1.200652e-05,0.99998593,2.0732875e-06
5.032302e-06,0.9999862,8.824168e-06
1.7153425e-05,0.9999654,1.7415114e-05
1.22052625e-05,0.9999801,7.706966e-06
0.01694042,0.97853047,0.0045290715
2.3711384e-05,0.99982625,0.00015003415
3.51461e-05,0.9998492,0.00011557774
2.0003808e-05,0.9989741,0.0010059573
2.7662194e-05,0.9983052,0.001667159
0.00013732552,0.99525887,0.004603858
0.00016436099,0.9946055,0.005230163
2.9338344e-05,0.99588263,0.00408809
4.0498348e-05,0.99653155,0.003428028
0.00019338372,0.994936,0.0048705465
0.0004518561,0.9918383,0.007709883
0.0002114871,0.9980489,0.001739555
2.3680946e-06,0.9999957,1.8894723e-06
1.1904075e-06,0.9998697,0.00012907758
2.6219323e-05,0.99958354,0.00039027113
0.00014619602,0.99898905,0.0008647454
4.2309446e-05,0.9998485,0.00010919384
6.566841e-05,0.99962175,0.00031260814
3.9084553e-05,0.99985206,0.00010881646
0.000149582,0.9991611,0.00068925205
7.802331e-06,0.9999784,1.3717476e-05
6.7242095e-06,0.99996626,2.703834e-05
6.6660327e-06,0.99989414,9.912162e-05
2.0125024e-07,0.99999976,7.272776e-08
2.3435035e-05,0.9999068,6.9746304e-05
1.6454986e-05,0.9997788,0.00020478512
0.0005280322,0.99779093,0.0016810131
0.0006187617,0.9951256,0.004255614
0.0003806901,0.9980609,0.0015583988
0.00045468373,0.9992865,0.000258834
4.8469523e-05,0.9997843,0.00016722747
1.8285456e-05,0.999861,0.000120685865
1.7186687e-05,0.99997234,1.0494657e-05
4.8111324e-05,0.99993396,1.7906432e-05
9.84126e-07,0.99999857,4.2366264e-07
0.00011196588,0.9998573,3.067725e-05
4.9122846e-05,0.9998294,0.00012142854
1.3040763e-05,0.99981827,0.000168675
1.1451749e-05,0.9999311,5.7403413e-05
0.00013802169,0.9987067,0.0011552238
4.926727e-05,0.99918824,0.000762443
4.798333e-05,0.9938605,0.00609151
4.2447004e-06,0.9993168,0.00067897787
6.917053e-06,0.9999318,6.123505e-05
1.0089392e-05,0.99979824,0.00019166865
5.8246653e-05,0.99993515,6.623057e-06
3.7671965e-05,0.99924845,0.00071388076
3.3659275e-05,0.99895453,0.0010117313
6.8083214e-06,0.999972,2.124471e-05
0.00016069516,0.9984976,0.0013416585
0.0002006696,0.9995276,0.0002717194
0.0003482361,0.9989166,0.0007352036
0.00052487914,0.99919444,0.00028073168
8.008401e-06,0.99997926,1.2752846e-05
0.0018663203,0.9964598,0.0016739225
0.00045910847,0.99928206,0.00025887927
1.2298822e-05,0.99997747,1.028312e-05
0.00046956036,0.9994153,0.00011512395
0.0013121672,0.99832076,0.0003670178
0.0001598002,0.9996933,0.00014696317
0.00035152162,0.9992974,0.00035103952
0.0024205053,0.99673706,0.0008424381
0.00024230908,0.9997167,4.0941675e-05
0.0011966377,0.998672,0.00013137251
0.001487047,0.99808526,0.00042775736
0.00025733953,0.9996259,0.000116721516
6.970526e-05,0.99861336,0.0013168793
6.669058e-06,0.99999225,1.1032007e-06
0.005880864,0.96187866,0.032240473
0.0046291524,0.88892734,0.106443495
0.000110092966,0.9998722,1.7672402e-05
0.0003472819,0.9992772,0.0003755928
0.00041657238,0.9989919,0.00059146405
0.00017737669,0.9994267,0.00039587618
5.7295867e-05,0.99990976,3.2890166e-05
1.5536481e-05,0.99998033,4.1152507e-06
1.4996895e-05,0.9999814,3.5740866e-06
0.00018362144,0.9997063,0.000109977336
0.0003109384,0.9996468,4.2233634e-05
0.00041341703,0.9989097,0.00067689107
0.00031501317,0.99937797,0.00030702673
0.00059935247,0.9987313,0.00066933996
0.0017796214,0.99034613,0.007874251
0.0076765283,0.94939274,0.04293074
0.010804736,0.97468114,0.01451408
0.013129371,0.9677499,0.019120736
0.020161666,0.9713984,0.008439884
0.10521821,0.8434422,0.051339556
0.0094371,0.9797061,0.010856759
0.015802449,0.96541715,0.018780356
0.0017137715,0.9955077,0.0027785522
0.001481273,0.9981201,0.00039860542
0.0026530353,0.9960859,0.0012611204
0.00233167,0.99707615,0.00059218355
0.00039764322,0.99951065,9.172996e-05
0.00046804006,0.9992347,0.00029725023
0.00019395677,0.99958545,0.0002205911
9.895675e-05,0.9997086,0.00019244578
0.0003201326,0.99963903,4.0767616e-05
0.001169149,0.998602,0.00022892562
0.0022398487,0.99549377,0.0022663684
0.00481568,0.99338716,0.001797208
0.0056280056,0.99232215,0.0020498298
0.007484019,0.9877808,0.004735231
0.002656862,0.99488187,0.0024612278
0.00171008,0.99721414,0.0010758424
0.0010382733,0.99826604,0.0006956572
0.00034789098,0.99940956,0.00024256081
0.0005452762,0.99919766,0.00025706989
0.00034553808,0.9989171,0.0007373653
0.0001265622,0.99952376,0.00034964827
0.0011057337,0.99867344,0.00022091129
0.0026544135,0.9869719,0.010373705
0.0005620127,0.99811906,0.0013188523
0.00085959217,0.99844104,0.0006993549
0.0027900098,0.995427,0.0017830078
0.0022120082,0.99708885,0.00069912616
0.004243035,0.994048,0.0017089378
0.0019881823,0.99710304,0.00090878864
0.0013934866,0.9983601,0.0002463889
0.002600667,0.9960247,0.0013745794
0.008371202,0.9890816,0.0025471945
0.03659395,0.9549041,0.008501917
0.028074749,0.919545,0.05238028
0.037113283,0.9508275,0.012059196
0.015052918,0.9771823,0.00776473
0.005228382,0.99079907,0.003972571
0.014562382,0.9771632,0.008274368
0.0024225935,0.99552226,0.0020550953
0.0057455665,0.98603094,0.008223494
0.005770832,0.987887,0.0063421447
0.0030037875,0.99442095,0.0025752147
0.001600653,0.99592954,0.0024698516
0.001572126,0.9954183,0.0030095242
0.0060166973,0.98118216,0.012801109
0.0014345022,0.99547887,0.0030866065
0.001400051,0.9966577,0.0019421866
0.0011881082,0.9965352,0.0022766762
0.0017081271,0.9949181,0.003373766
0.00034234804,0.9971234,0.0025341627
0.0068303277,0.9910886,0.0020810175
0.001429212,0.99496716,0.0036036419
0.0001260028,0.9993818,0.0004922494
0.00054811506,0.9977245,0.0017273583
0.00024462765,0.9991665,0.00058891677
0.0015977463,0.9897453,0.008656903
3.1032403e-05,0.9996846,0.00028445758
0.00025306217,0.99959785,0.00014910391
0.00012176194,0.99945873,0.00041952956
3.893826e-05,0.99958485,0.00037621145
1.1537379e-05,0.9999411,4.7351856e-05
1.7326713e-05,0.99995184,3.0803367e-05
2.3987872e-05,0.9998456,0.00013033568
1.24098315e-05,0.99992406,6.348766e-05
2.7050433e-05,0.999908,6.492652e-05
7.5292537e-06,0.9999753,1.712104e-05
0.001619486,0.99628985,0.0020906425
1.3984115e-06,0.99998033,1.830795e-05
0.00018249026,0.9994598,0.00035768177
0.0006849191,0.9988213,0.0004937119
0.0001270906,0.9996637,0.00020915165
2.7196471e-05,0.99990773,6.502255e-05
1.0159721e-05,0.9999658,2.4039078e-05
3.9155893e-06,0.99999106,5.083204e-06
3.3840937e-05,0.99990964,5.6478457e-05
9.838301e-06,0.9999672,2.2987733e-05
1.0088492e-05,0.99995303,3.6835674e-05
0.0032756312,0.98850155,0.008222873
2.2178897e-06,0.99999416,3.609014e-06
5.3861877e-05,0.99979275,0.0001533525
0.00021442486,0.9997079,7.765703e-05
0.00012210176,0.99962103,0.000256808
0.00077062304,0.9990796,0.00014983104
0.003021448,0.99521637,0.0017622168
1.7654782e-05,0.9998264,0.00015604464
4.987467e-05,0.9998598,9.026221e-05
8.599874e-05,0.99974877,0.00016520525
8.7857654e-05,0.9998776,3.4573426e-05
0.23287831,0.7212039,0.045917723
8.539725e-05,0.9998845,3.011988e-05
5.0432354e-06,0.99998975,5.203762e-06
1.1669872e-05,0.9999746,1.3751465e-05
3.139125e-05,0.9998235,0.00014512398
2.1186148e-05,0.99994767,3.1133808e-05
0.00168362,0.9954911,0.0028253393
0.012798483,0.9734865,0.013715011
0.00032224532,0.9992219,0.00045579244
0.0005508861,0.9986802,0.000768882
0.0028078447,0.99395144,0.003240787
0.0036544981,0.99055195,0.005793553
0.0021309399,0.9938725,0.003996513
0.0016941279,0.9928195,0.005486363
0.0018851686,0.9910319,0.0070830104
0.0002111108,0.9988998,0.00088910473
2.9666038e-05,0.99986255,0.00010771068
3.2200067e-05,0.9999181,4.9740487e-05
0.00016043095,0.9991898,0.0006498291
0.0004919437,0.9992204,0.0002876411
0.00015538483,0.99912184,0.0007228144
0.00011786662,0.9997546,0.00012751739
0.004246163,0.9920799,0.0036739667
0.0020891326,0.9604962,0.037414618
5.6823956e-07,0.9999993,2.0339768e-07
2.1115196e-07,0.99999976,6.998016e-08
3.4621638e-07,0.99999964,5.190762e-08
3.0056553e-06,0.99999666,3.7694636e-07
1.1574744e-05,0.99998736,1.0282814e-06
9.73355e-07,0.9999989,1.2452338e-07
5.4665154e-05,0.9999325,1.2745757e-05
0.00014645679,0.9998447,8.888328e-06
1.7417751e-05,0.9999814,1.1481384e-06
0.0038715266,0.99461234,0.0015161217
2.5719179e-05,0.9999676,6.740726e-06
3.678517e-05,0.999961,2.1558858e-06
1.675698e-05,0.99997413,9.164396e-06
2.3183904e-05,0.99997044,6.383488e-06
9.683337e-05,0.99989843,4.707641e-06
0.00017685004,0.9998118,1.1358113e-05
0.00011663236,0.9998754,7.935819e-06
2.1695876e-05,0.99997497,3.2942332e-06
9.148942e-05,0.99989843,1.0100956e-05
0.00022551222,0.9997049,6.950416e-05
0.0026530197,0.9965109,0.0008360664
0.0034402835,0.9960556,0.00050414685
0.0009489346,0.99899346,5.7656685e-05
0.0017585605,0.99809843,0.00014303002
5.399657e-05,0.9999423,3.7070743e-06
0.0002735384,0.99967456,5.1913736e-05
0.00010726826,0.9998331,5.9632424e-05
0.00015689225,0.999818,2.5086361e-05
0.00027534127,0.99962723,9.7374046e-05
0.0007620419,0.999064,0.00017389572
0.0025703295,0.99715924,0.00027047133
0.009314904,0.9895085,0.0011765163
0.00046345466,0.9994629,7.3660914e-05
0.01758298,0.970819,0.011598021
0.0029890083,0.9942697,0.0027412768
0.0011583942,0.99793625,0.0009054095
0.0010064308,0.99879164,0.00020200593
0.01948731,0.976856,0.0036567473
0.12916522,0.85247,0.018364768
0.025606545,0.9544128,0.019980645
0.058805507,0.8458665,0.09532797
0.10196592,0.80118126,0.09685284
0.007470949,0.9887664,0.003762635
0.005010508,0.9931371,0.0018523418
0.040425524,0.9382186,0.021355834
0.005807951,0.9871586,0.0070334603
0.011515262,0.9646052,0.023879603
0.0038897127,0.995054,0.0010562027
0.103804186,0.81293696,0.08325886
0.33542666,0.56915486,0.09541854
0.20922197,0.7838471,0.0069309096
0.0043866592,0.9901058,0.005507495
0.0047415183,0.9889782,0.006280275
0.002813881,0.99573404,0.0014521203
0.0028220203,0.9957983,0.0013796956
0.010029543,0.98374915,0.006221335
0.0044204895,0.99099356,0.0045859353
0.002472234,0.9966439,0.0008839282
0.0007235436,0.99821067,0.0010657484
0.00081180304,0.9971194,0.0020687873
0.00016499782,0.99959487,0.0002401629
0.0001679753,0.99959725,0.00023474064
0.0006134828,0.9901045,0.009281985
0.0037881243,0.9725248,0.023687126
0.0040705334,0.97705346,0.018876014
0.00018546559,0.99941325,0.00040123667
0.00033238478,0.9994355,0.00023213692
5.6892413e-06,0.99999344,8.8969915e-07
9.5216865e-06,0.99998343,7.07143e-06
1.5112239e-05,0.9999795,5.436687e-06
2.8766197e-05,0.9998996,7.1628936e-05
0.012284152,0.9853806,0.00233524
0.00013177963,0.9996587,0.0002095587
7.990258e-05,0.9998697,5.039238e-05
1.4168397e-06,0.9999964,2.2124e-06
2.9799364e-06,0.99998987,7.1114923e-06
0.0002508977,0.99949,0.00025908137
9.4801835e-05,0.9994199,0.00048526385
3.5875546e-06,0.9999889,7.4411823e-06
3.2487694e-06,0.9999862,1.06091475e-05
3.9372404e-05,0.99986756,9.308189e-05
0.0004027565,0.99899,0.00060720596
9.3727416e-05,0.9998149,9.14046e-05
2.0931524e-05,0.99995565,2.3378678e-05
0.00011138437,0.9998324,5.614689e-05
0.00015843542,0.99952745,0.00031412632
4.2265186e-05,0.99995387,3.8614403e-06
7.879982e-05,0.9998845,3.6690846e-05
0.0018511111,0.997632,0.0005168785
0.00010635261,0.99983966,5.397558e-05
3.1228366e-05,0.99683493,0.0031338094
1.4504985e-05,0.9980142,0.0019712485
3.861367e-06,0.99994814,4.7980502e-05
2.1942615e-06,0.9999714,2.6428359e-05
0.00011363892,0.9991761,0.00071020506
1.5438061e-05,0.99985003,0.00013451847
6.952875e-07,0.9999821,1.7223281e-05
3.943611e-06,0.99980444,0.00019164533
0.0014560872,0.99779886,0.0007449995
6.0811076e-06,0.9997719,0.00022199507
9.113663e-07,0.99999285,6.298072e-06
1.7063282e-07,0.99999213,7.74556e-06
1.4106463e-06,0.99995756,4.1038486e-05
3.1421105e-06,0.9998306,0.00016626896
1.028903e-05,0.9999654,2.4335426e-05
1.2517422e-05,0.9999658,2.1732973e-05
1.5115654e-05,0.99996126,2.3681023e-05
7.71077e-05,0.99980825,0.000114616545
2.9534123e-05,0.9995259,0.00044462128
0.0012549036,0.99722385,0.0015212417
0.00015017246,0.99864954,0.0012003335
1.681257e-05,0.99977463,0.00020854265
0.00016044235,0.9980331,0.0018064677
0.00017108231,0.67954504,0.32028383
6.301322e-05,0.97744066,0.022496313
0.00059178163,0.9763253,0.023082916
0.00010547805,0.9827372,0.017157359
4.0104045e-05,0.99975735,0.0002025247
3.579293e-05,0.9995943,0.00036994074
5.5611144e-06,0.99994874,4.5670095e-05
0.0024875042,0.9928576,0.0046548788
2.8328548e-05,0.9997578,0.00021380215
2.9562543e-05,0.9998306,0.00013978448
5.0338663e-06,0.9994141,0.00058094173
1.6587851e-06,0.9994035,0.0005949177
0.00036364415,0.9993455,0.00029083397
0.00023495864,0.99969864,6.642365e-05
0.00092161424,0.9986014,0.0004769893
0.0013707185,0.99799013,0.0006391902
0.0032717006,0.9949917,0.0017365759
0.0002609286,0.99914,0.0005990559
0.007005129,0.99154526,0.0014495627
0.00023056439,0.99735284,0.0024165558
0.0023827557,0.98816746,0.00944976
0.0073347962,0.9387523,0.053912867
0.0001673404,0.99975187,8.0805636e-05
0.00014150118,0.99942386,0.00043468873
0.00027070928,0.99839634,0.00133291
8.476182e-06,0.99998856,2.9098342e-06
4.624211e-06,0.99999404,1.2774332e-06
0.006949177,0.9820986,0.010952215
6.2230196e-05,0.99993443,3.3624162e-06
4.2450585e-05,0.99989533,6.225512e-05
0.00035987422,0.9983677,0.0012724248
4.9500268e-05,0.9999263,2.4168809e-05
2.0870748e-05,0.99997854,5.70195e-07
0.00017336369,0.9998142,1.2503725e-05
0.000121747515,0.99985695,2.1236636e-05
1.0372838e-05,0.999984,5.648264e-06
4.349804e-05,0.99993753,1.890625e-05
2.1507276e-07,0.99999976,2.2882055e-08
1.8835095e-07,0.99999976,8.3154985e-09
5.0046583e-06,0.9999938,1.2435264e-06
1.9173e-05,0.99998057,2.6733426e-07
0.0015460715,0.9950582,0.00339571
5.327384e-06,0.99999356,1.0946337e-06
9.095007e-06,0.9999908,1.11216714e-07
4.4494776e-05,0.99994934,6.2222784e-06
0.00048582337,0.9985366,0.0009776028
0.00029067634,0.9993755,0.00033383435
1.1576863e-05,0.9999758,1.2620994e-05
5.8189103e-06,0.9999924,1.7993458e-06
0.00067533157,0.99831665,0.0010081038
0.00013069242,0.9997609,0.0001084117
1.912611e-05,0.9999771,3.795269e-06
0.004535663,0.9940454,0.0014188961
2.1347313e-07,0.99999976,5.3455743e-08
5.658085e-06,0.9999913,3.0716092e-06
3.9711922e-05,0.99995077,9.513796e-06
4.3698274e-05,0.9999411,1.5152976e-05
4.769709e-06,0.9999924,2.8446598e-06
0.00023989458,0.9996786,8.1552185e-05
0.0003157099,0.99942917,0.00025513553
0.000102050646,0.99984,5.7937472e-05
0.0003911493,0.999337,0.0002718117
0.0029199452,0.99534285,0.0017371738
0.0024326278,0.99696034,0.0006070288
0.010798162,0.9828661,0.0063357553
0.001759651,0.9977463,0.0004940104
1.4430769e-06,0.9999888,9.805569e-06
0.00012323748,0.99982435,5.2399606e-05
0.004921958,0.99379784,0.0012802042
0.000491213,0.9992612,0.00024756443
0.00071670517,0.9989806,0.00030269191
0.0006176469,0.9992111,0.00017119518
0.0007143279,0.9988298,0.0004559137
0.0037428953,0.99227285,0.00398424
0.001027318,0.9987832,0.00018950897
0.0005700617,0.99800855,0.0014214265
0.000118406395,0.9997441,0.00013747948
0.00011806896,0.9997999,8.204952e-05
0.00036887964,0.9981464,0.0014847467
0.00059440493,0.9987664,0.0006392096
0.00048491018,0.99904114,0.00047386702
0.0006690195,0.998713,0.0006179201
0.0006798085,0.99886656,0.00045366012
0.0010087171,0.99846196,0.0005293663
0.0020730696,0.9976191,0.00030783942
0.0034223956,0.9958605,0.0007171351
0.0016881825,0.99764156,0.00067032065
0.0027295805,0.99690443,0.00036596923
0.005081892,0.99352974,0.0013883662
0.0086189415,0.9884824,0.0028986349
0.00082567753,0.9989428,0.00023150726
0.010945568,0.98793876,0.0011156076
0.0011057337,0.99867344,0.00022091129
0.0018290075,0.99768615,0.00048487727
0.0026530197,0.9965109,0.0008360664
0.0037220835,0.99544597,0.000831955
0.0040743654,0.9949536,0.0009720751
0.007005129,0.99154526,0.0014495627
0.01899021,0.9783917,0.0026180984
0.0216469,0.9762299,0.002123188
0.010945568,0.98793876,0.0011156076
0.008937672,0.9904625,0.0005998696
0.029959753,0.9656084,0.0044318945
0.01510869,0.9830236,0.0018677259
0.029959753,0.9656084,0.0044318945
0.032036975,0.9607501,0.007212869
0.01694042,0.97853047,0.0045290715
0.010679479,0.98742527,0.0018952905
0.017877577,0.9785325,0.0035898741
0.006754206,0.988282,0.004963805
0.009435055,0.9833546,0.007210256
0.014198678,0.9755297,0.010271624
2.441725e-05,0.9998908,8.475117e-05
0.00014639083,0.99960405,0.00024961887
0.00027604128,0.99950945,0.00021453243
0.0006210321,0.9948959,0.0044831024
0.00018921314,0.99945945,0.0003513113
0.0003178829,0.99956197,0.00012012578
9.442829e-06,0.99998415,6.3991797e-06
7.3250175e-07,0.99999845,7.9520646e-07
2.6122429e-05,0.9999161,5.7754914e-05
5.7621328e-05,0.9999026,3.9749906e-05
0.00015263617,0.99978274,6.4672204e-05
5.1641246e-07,0.9999993,1.7649369e-07
0.0005314069,0.9990386,0.00043003997
3.2225088e-07,0.9999995,1.14847744e-07
6.461152e-07,0.9999988,5.513123e-07
1.245812e-06,0.99999523,3.50835e-06
1.001913e-06,0.9999974,1.5884838e-06
6.2010787e-07,0.9999987,6.433176e-07
1.2107978e-07,0.99999976,1.17659916e-07
1.2152042e-07,0.9999999,1.8006089e-08
1.998815e-07,0.99999976,4.009015e-08
2.7325666e-07,0.99999964,1.1423081e-07
1.6179193e-06,0.99999535,3.0642748e-06
0.05853507,0.0025838367,0.9388811
0.030837301,0.00012536986,0.9690374
0.050820082,3.2677067e-06,0.94917667
0.06619063,3.3783843e-05,0.93377566
0.06685942,2.4977357e-06,0.9331382
0.0077664996,2.5634972e-07,0.9922333
0.038978204,1.25120605e-05,0.9610093
0.05418486,1.290409e-06,0.9458139
0.007944599,8.420885e-07,0.9920546
0.0075036394,3.3597573e-06,0.9924931
0.0897516,3.0554465e-06,0.91024536
0.13627307,4.47351e-06,0.86372256
0.016260969,0.0001139722,0.98362505
0.15325332,2.0826149e-06,0.8467446
0.003504517,1.0689405e-06,0.9964945
0.08129914,0.089137554,0.8295633
0.053182594,0.006546326,0.9402711
0.020972984,0.06774522,0.9112818
0.014096018,0.009179529,0.9767245
0.057238244,0.13962069,0.8031411
0.011363338,0.0026730967,0.9859635
0.046866532,0.0010076193,0.9521258
0.10470543,0.01671932,0.8785752
0.016249642,0.00010186407,0.9836484
0.05421042,0.005265792,0.9405238
0.11647665,0.010466062,0.8730573
0.008100136,0.006958108,0.9849417
0.024560697,0.0094721895,0.9659671
0.0042777937,0.0001832762,0.9955389
0.013382053,0.0003399878,0.9862779
0.08253183,0.0033903955,0.9140778
0.09206412,0.0099016875,0.8980343
0.07000072,0.053763963,0.87623537
0.06450675,0.014526522,0.92096674
0.15066867,0.029939206,0.819392
0.054592706,0.030545728,0.91486156
0.13462444,0.118998766,0.7463768
0.30286726,0.16002584,0.5371069
0.17033735,0.018313756,0.81134886
0.29216182,0.02188825,0.6859498
0.023396371,0.00040860046,0.97619504
0.012743354,0.00025078608,0.98700595
0.010209991,5.3326887e-05,0.9897367
0.00866768,0.00010072099,0.9912316
0.015040752,0.0006468981,0.98431236
0.0056336042,2.693008e-05,0.9943395
0.019958643,0.00043537497,0.979606
0.021227764,0.00018166415,0.9785906
0.047187,0.0003011223,0.95251185
0.058539473,0.0004988217,0.9409617
0.11348821,6.154506e-05,0.88645023
0.114253566,5.8858954e-05,0.88568765
0.11562782,0.00086842,0.8835038
0.08875221,0.0018625628,0.90938526
0.08640335,0.0010033468,0.9125933
0.08172037,0.00061135244,0.9176682
0.0042656185,1.9018498e-05,0.9957153
0.092262134,0.0013340425,0.90640384
0.08544847,0.0035489497,0.9110025
0.08567605,0.004277132,0.91004676
0.04908442,0.0018632906,0.94905233
0.055686917,0.0057667904,0.93854624
0.046035673,0.0011345437,0.95282984
0.0596843,0.004007923,0.9363078
0.12551078,0.3527343,0.5217549
0.014328243,2.8967494e-07,0.9856716
0.0064246613,1.8180453e-05,0.9935573
0.016304446,7.8981546e-05,0.9836165
0.00714204,1.217158e-06,0.99285674
0.007921799,9.070376e-06,0.9920691
0.013392656,1.2047984e-05,0.9865954
0.0005542988,5.753896e-07,0.99944514
0.0020385592,1.7502728e-06,0.9979596
0.0073082694,5.167769e-07,0.9926912
0.003106821,1.9779168e-07,0.9968929
0.036997262,9.468836e-07,0.96300185
0.04289182,1.7143779e-05,0.95709103
0.24728307,0.000212532,0.75250447
0.008355595,2.912012e-05,0.99161536
0.12473858,0.001710364,0.8735511
0.0692258,0.00066710816,0.930107
0.0740758,0.00024903408,0.92567515
0.02270869,8.851923e-05,0.97720283
0.13949181,0.008323576,0.8521847
0.03780874,0.0010674114,0.96112394
0.04478107,0.0009744493,0.9542445
0.038850352,0.00065156765,0.960498
0.03459448,0.0018138153,0.96359175
0.10332395,0.003063496,0.8936125
0.030421944,0.00018826802,0.9693898
0.14478724,0.00023957876,0.85497314
0.13529667,0.00023587704,0.86446744
0.20160846,0.010828821,0.78756267
0.112426564,0.00041727308,0.8871562
0.10102261,0.00011675085,0.89886063
0.03190974,0.0121112885,0.95597905
0.035304,0.0024186987,0.9622773
0.13272083,0.020292835,0.8469863
0.15479392,0.0038473192,0.8413587
0.24637632,0.04886567,0.70475805
0.068485424,0.0003907352,0.9311238
0.03890178,2.6936908e-05,0.9610713
0.009697327,2.8544708e-05,0.99027413
0.15029912,0.00089461426,0.8488063
0.0051572765,5.2250965e-05,0.99479043
0.00845698,8.17287e-05,0.9914614
0.04358982,2.9459341e-05,0.9563808
0.03173173,4.818096e-05,0.9682201
0.030125193,3.539419e-06,0.9698712
0.039625414,2.950711e-06,0.9603716
0.0017723909,4.1178027e-06,0.9982235
0.10722503,0.00022651692,0.8925485
0.15985212,0.00048704492,0.8396608
0.86099076,0.0066361744,0.13237305
0.76458585,0.013946163,0.22146799
0.7914187,0.019713404,0.18886794
0.07599235,0.0020647487,0.9219429
0.34250957,0.007279088,0.65021133
0.86079067,0.006412871,0.13279648
0.005154204,5.570594e-05,0.9947901
0.007540994,0.00048009487,0.9919789
0.025412302,0.00039962924,0.9741881
0.03953509,0.0009763267,0.9594886
0.04004118,0.040675968,0.9192829
0.0431861,0.00026250316,0.95655143
0.002778512,0.00012716254,0.9970943
0.001528153,7.369374e-05,0.9983981
0.0063646943,4.280415e-05,0.99359256
0.0032119192,1.8539307e-05,0.99676955
0.00082013273,2.2994043e-05,0.99915683
0.007740294,4.398297e-05,0.9922157
0.0020962658,4.0917697e-05,0.9978629
0.01717103,0.00013846965,0.9826905
0.0015125164,0.00013378073,0.9983537
0.030578762,0.003532773,0.96588844
0.020664727,0.002123417,0.97721183
0.005592282,1.8958757e-05,0.99438876
0.006991291,0.00028074853,0.992728
0.024056261,0.00044153398,0.97550225
0.012995038,0.00067724107,0.98632777
0.02469721,0.00020212588,0.9751007
0.036883295,5.1780316e-05,0.96306485
0.004804519,2.0376936e-05,0.995175
0.01601024,4.247997e-05,0.9839473
0.006837339,5.3610438e-05,0.993109
0.018579585,0.0066524725,0.9747679
0.10703247,0.066536576,0.826431
0.012017379,0.00011687978,0.98786575
0.0062006526,0.00016425998,0.99363506
0.036255855,0.00047933438,0.9632648
0.029134417,4.00655e-05,0.9708255
0.02951574,3.9551833e-05,0.9704447
0.0146233225,2.3478386e-05,0.9853532
0.0069810436,1.9243329e-05,0.9929997
0.035967037,3.0251987e-05,0.9640027
0.019905766,9.805271e-06,0.9800844
0.013896812,0.018640645,0.9674625
0.0058686975,1.4827037e-05,0.9941164
0.012838437,0.0001120626,0.9870495
0.030625233,0.0005365135,0.96883833
0.051963992,0.041035082,0.90700096
0.000816779,3.5252928e-05,0.999148
0.0030144013,1.9689787e-05,0.9969658
0.00055460504,4.58725e-05,0.99939954
0.0013135966,1.5611635e-05,0.9986708
0.00093905034,1.0665806e-05,0.9990502
0.0005261052,2.956881e-06,0.9994709
0.41048154,0.1022936,0.48722488
0.00063738786,3.7890866e-06,0.99935883
0.0009423487,5.898597e-06,0.99905175
0.0067085098,1.7019567e-05,0.99327445
0.00089749537,9.029271e-06,0.9990934
0.005744387,1.7217099e-06,0.9942538
0.0012544049,5.0133667e-06,0.9987406
0.0038544273,4.6664532e-05,0.9960989
0.013982785,3.6947008e-06,0.9860136
0.018312829,1.709104e-06,0.9816854
0.029843614,3.993949e-05,0.9701165
0.23474495,0.07085772,0.6943973
0.024162458,9.468649e-06,0.9758281
0.010176919,4.2591123e-06,0.9898189
0.039561823,7.690124e-06,0.96043044
0.06850669,9.7629745e-06,0.9314835
0.023858339,8.806556e-05,0.97605366
0.08642648,5.8069413e-06,0.9135677
0.098186836,0.00047987138,0.9013333
0.06786228,3.2845004e-05,0.9321048
0.09417076,0.00039493843,0.9054343
0.067096524,0.00015776564,0.93274564
0.026675342,0.0006143891,0.9727103
0.0034818207,4.9893708e-05,0.9964683
0.0047143386,2.2194356e-06,0.9952834
0.010411644,4.888295e-06,0.9895835
0.0077439533,5.445917e-05,0.99220157
0.002521699,4.7061465e-05,0.9974312
0.002154343,7.777534e-05,0.9977679
0.0033988038,5.7698064e-05,0.99654347
0.008024416,1.7047149e-05,0.9919586
0.003247907,9.837811e-06,0.9967423
0.16473517,0.006929648,0.8283352
0.0105325375,0.00017821665,0.9892893
0.010502866,0.01404425,0.9754529
0.004760797,0.004921832,0.99031734
0.035164107,0.030909546,0.9339264
0.026829103,0.0057965876,0.9673744
0.015501259,0.0049725445,0.97952616
0.02387071,0.0054742824,0.97065496
0.030974168,0.0017805145,0.9672453
0.007473031,0.0002061516,0.99232084
0.050909545,0.00013146296,0.94895905
0.049369022,0.0047701774,0.94586074
0.012712912,0.0003441676,0.986943
0.0330618,0.00030640143,0.9666318
0.02375625,0.02772764,0.9485161
0.0043750936,0.001204671,0.99442023
0.011695158,0.0032399062,0.9850649
0.003299897,0.06288052,0.9338196
0.01654012,0.0042767148,0.97918326
0.0087840045,0.000435902,0.99078006
0.005763904,0.00077643053,0.9934597
0.0026489103,0.00027446222,0.99707663
0.043875534,0.0007888031,0.95533574
0.052245297,0.0005630147,0.94719166
0.08507697,0.002551631,0.91237146
0.046337172,0.0030391938,0.95062363
0.056260932,0.0074343155,0.93630475
0.099647544,0.025304597,0.87504786
0.047537796,0.008780611,0.94368154
0.052909266,0.0063659744,0.94072473
0.11496054,0.0049836566,0.8800558
0.12381729,0.00579481,0.8703879
0.006133201,6.977333e-05,0.99379706
0.0039408994,0.00032664445,0.9957325
0.0029909508,0.00022787253,0.9967811
0.15305008,0.025645427,0.8213045
0.004054326,9.492111e-05,0.9958507
0.0040686,6.430904e-05,0.995867
0.003818906,3.5902147e-05,0.99614525
0.009119834,1.9541538e-05,0.9908607
0.00080881495,2.0503942e-06,0.9991892
0.0030006226,2.1450196e-06,0.99699724
0.016067628,4.7673757e-06,0.98392755
0.024039008,1.7739845e-06,0.97595924
0.009112796,5.843589e-06,0.99088144
0.0030275504,2.2567522e-06,0.9969702
0.12928586,0.028568415,0.8421457
0.0016950855,9.509969e-07,0.9983039
0.00969605,3.5779474e-06,0.9903004
0.020486556,1.2436763e-06,0.9795122
0.023878556,1.4585521e-06,0.97611994
0.12210883,0.00086849637,0.8770227
0.029892022,0.0010153454,0.9690926
0.0388491,0.00054764876,0.96060336
0.08013529,0.0024876052,0.9173771
0.020414032,0.005207283,0.97437876
0.025928069,0.0056073735,0.9684645
0.29327932,0.034521487,0.6721992
0.027433138,0.0033712126,0.9691956
0.027959112,0.009727152,0.9623137
0.03508104,0.0017456323,0.96317333
0.018543757,0.0008754561,0.9805808
0.005782866,0.00045858073,0.99375856
0.029776074,0.0003467346,0.9698771
0.08040438,0.019249488,0.90034616
0.049280293,0.009978593,0.9407412
0.11386829,0.0034898156,0.88264185
0.049897682,0.004723335,0.945379
0.272082,0.04584561,0.6820724
0.07734317,0.0027291202,0.91992766
0.028502194,0.0014778749,0.97002
0.028523251,0.003048492,0.96842825
0.026722621,0.028401738,0.94487554
0.0043486785,0.0032856206,0.99236566
0.047291692,0.012514904,0.94019336
0.022352649,0.0111306,0.9665168
0.04911346,0.008029048,0.9428575
0.15555441,0.18557529,0.6588702
0.05841345,0.08494632,0.8566402
0.35279775,0.00037446906,0.6468278
0.011629989,5.246867e-05,0.98831755
0.0421022,8.353246e-06,0.9578895
0.025065541,0.00017655267,0.97475797
0.017209083,0.0032851347,0.9795058
0.041391835,0.00080803357,0.95780015
0.12346119,0.0021371418,0.8744016
0.32288244,0.0041751596,0.67294234
0.18906836,0.007340796,0.8035909
0.01560331,0.00022279841,0.9841739
0.04986072,0.00010084915,0.9500385
0.1859839,0.00061248237,0.81340355
0.044983122,6.785014e-05,0.95494896
0.028771443,9.848551e-05,0.9711301
0.022220047,0.00015053214,0.9776294
0.018613141,0.00014968787,0.9812371
0.01309394,0.000105775456,0.9868003
0.017298028,0.00037003463,0.98233193
0.017061166,0.0004967077,0.98244214
0.01386051,0.00018266629,0.9859569
0.063623846,0.0004797399,0.9358964
0.073312044,0.00089720305,0.92579067
0.016595082,0.0003243601,0.98308045
0.04240648,0.0008144992,0.956779
0.028939463,0.00013568367,0.97092485
0.023051886,0.00015827642,0.9767899
0.03138896,0.0009976405,0.9676134
0.050192103,0.00046084085,0.949347
0.036430378,7.72745e-05,0.9634923
0.0638273,0.00032055457,0.93585217
0.16964228,0.009248641,0.82110906
0.09148415,0.0017679703,0.9067478
0.1494884,0.000551812,0.84995973
0.24230184,0.0041803825,0.75351775
0.13651955,0.0007748557,0.86270565
0.17658654,0.0016112584,0.82180214
0.050761443,0.0010114103,0.9482271
0.047702234,0.0005170457,0.95178074
0.1658333,0.002792557,0.8313741
0.11630388,0.17311566,0.7105804
0.08844769,0.018004896,0.8935473
0.09388789,0.0054900767,0.900622
0.02390777,0.0010245626,0.97506773
0.0140962005,0.0003322724,0.9855715
0.04434583,5.8908452e-05,0.95559525
0.0097097205,0.000112703274,0.9901776
0.0043443707,2.2971422e-05,0.9956326
0.10133381,0.00028185506,0.89838433
0.05490481,4.97983e-05,0.9450455
0.060367245,6.335008e-05,0.9395694
0.008709367,0.00012594942,0.9911646
0.002548729,7.3593226e-05,0.99737775
0.00092637376,9.051954e-05,0.9989831
0.0242456,0.0008830579,0.97487134
0.25661555,0.032231648,0.7111528
0.36393863,0.033196002,0.60286534
0.017448038,6.3827654e-05,0.9824881
0.10651228,0.0004626017,0.89302516
0.2466136,0.00079392287,0.7525925
0.34624845,0.00025678202,0.6534948
0.19777434,0.000114974086,0.80211073
0.08103593,5.0958497e-05,0.9189131
0.15168183,5.528923e-05,0.84826285
0.018613141,0.00014968787,0.9812371
0.017298028,0.00037003463,0.98233193
0.063623846,0.0004797399,0.9358964
0.036430378,7.72745e-05,0.9634923
0.02253546,0.00016686752,0.97729766
0.028502194,0.0014778749,0.97002
0.027959112,0.009727152,0.9623137
0.016260969,0.0001139722,0.98362505
0.068485424,0.0003907352,0.9311238
0.29216182,0.02188825,0.6859498
0.114253566,5.8858954e-05,0.88568765
0.08172037,0.00061135244,0.9176682
0.013582253,0.0005547058,0.98586303
0.015883837,0.0005886993,0.9835275
0.013227609,7.8840385e-05,0.98669356
0.013538008,5.7261623e-05,0.9864048
0.014737853,0.0009707485,0.98429143
0.016011242,4.413556e-05,0.9839446
0.09053081,0.069187246,0.84028196
0.33993173,0.15472934,0.50533897
0.13413008,0.0420126,0.8238573
0.12385802,6.267973e-05,0.87607926
0.25640225,0.000109379645,0.74348843
0.1226744,0.000107981636,0.8772176
0.08013401,4.6149486e-05,0.91981983
0.09912212,3.3564218e-05,0.9008443
0.123756446,5.141499e-05,0.8761922
0.18702659,2.4194296e-05,0.8129492
0.12609205,0.0015822463,0.8723257
0.095912635,0.0014496017,0.9026378
0.0102507165,0.0014238688,0.9883255
0.25425503,0.009647507,0.73609746
0.013780878,0.023196701,0.9630224
0.082294025,0.004347298,0.91335875
0.013330322,0.00068424374,0.9859855
0.024930969,0.0034579984,0.971611
0.0030929144,1.957178e-06,0.99690515
0.004153449,1.2108535e-05,0.99583447
0.07041225,0.0007383842,0.9288494
0.0019691163,1.2995238e-06,0.99802953
0.0044039055,1.6575945e-07,0.995596
0.009252726,6.9129976e-07,0.9907466
0.15474005,0.003263923,0.8419961
0.0062111225,2.1493227e-07,0.99378866
0.013041086,2.6534786e-07,0.9869587
0.007007096,1.8346349e-06,0.9929911
0.012705082,1.2569056e-06,0.9872936
0.07533951,7.4759764e-06,0.924653
0.15045759,0.00035372027,0.84918875
0.24712576,3.444701e-05,0.75283974
0.02081222,6.083957e-06,0.97918177
0.054125484,1.5350195e-05,0.94585925
0.097954,5.5410736e-05,0.90199065
0.033699278,0.00056016835,0.96574056
0.22815323,0.0004248064,0.771422
0.10280982,0.0008308049,0.8963594
0.28291857,0.00060314266,0.7164783
0.1363475,0.0011975679,0.862455
0.12344786,0.00041882694,0.8761334
0.08554902,0.00010997202,0.91434103
0.07305514,0.000100286146,0.9268446
0.04342407,8.504173e-05,0.95649093
0.23165911,0.00059431756,0.76774657
0.32643598,0.0005431817,0.6730208
0.07525089,0.00065749686,0.9240915
0.14847551,0.0010596614,0.8504649
0.13816017,0.002032255,0.8598076
0.1993926,0.0001043737,0.800503
0.031842254,1.0658859e-05,0.96814716
0.06568497,5.9856226e-05,0.93425524
0.064912476,0.00016463456,0.93492293
0.05676031,0.00028519027,0.9429545
0.16962327,0.0020643312,0.8283124
0.06441389,2.2281536e-05,0.93556386
0.004254302,2.8794066e-06,0.99574286
