0.19406597,0.0768516,0.7290824
0.6464543,0.04393583,0.3096099
0.061685897,0.0058098,0.9325043
0.004368907,2.6918211e-05,0.99560416
0.011222804,8.821552e-05,0.988689
0.0045207716,8.71793e-06,0.9954705
0.0039427336,5.825382e-06,0.9960515
0.0039427336,5.825382e-06,0.9960515
0.006501419,4.133959e-05,0.99345726
0.006501419,4.133959e-05,0.99345726
0.009621381,6.5286324e-05,0.9903134
0.01584322,6.060025e-05,0.98409617
0.6293685,0.013237999,0.3573936
0.005664303,1.7613229e-05,0.99431807
0.63312316,0.03082326,0.33605355
0.59584004,0.18047582,0.22368416
0.59584004,0.18047582,0.22368416
0.78873175,0.03742453,0.17384373
0.78873175,0.03742453,0.17384373
0.88487387,0.026162658,0.08896342
0.086596854,0.0021511584,0.9112519
0.12911685,0.0016280566,0.86925507
0.054158494,0.001980624,0.9438609
0.7009614,0.014844258,0.2841943
0.250459,0.020517781,0.72902316
0.6800622,0.048959743,0.27097806
0.4255228,0.0026400592,0.57183707
0.71993655,0.003750866,0.2763125
0.71993655,0.003750866,0.2763125
0.79950833,0.00426241,0.19622926
0.79950833,0.00426241,0.19622926
0.5762537,0.0041832207,0.4195631
0.45694494,0.09352697,0.44952816
0.6040328,0.002545986,0.39342117
0.54284555,0.07497869,0.38217574
0.7939645,0.017469293,0.18856621
0.7939645,0.017469293,0.18856621
0.7573817,0.105458446,0.13715987
0.8046506,0.0921331,0.10321628
0.4030827,0.0029723397,0.5939449
0.4030827,0.0029723397,0.5939449
0.3338238,0.0012620363,0.6649142
0.30216298,0.01678234,0.6810546
0.7614163,0.0895455,0.1490382
0.71848726,0.084361814,0.19715092
0.8228166,0.0055044945,0.17167893
0.26810166,0.0014763592,0.73042196
0.4582848,0.013372561,0.52834266
0.18517852,0.0018184682,0.813003
0.6544701,0.012210952,0.33331892
0.616723,0.032432742,0.35084426
0.69029933,0.13371985,0.17598078
0.8116668,0.028082578,0.1602506
0.60111785,0.005020497,0.39386165
0.8199463,0.008217773,0.17183597
0.49037066,0.0028149504,0.50681436
0.57486355,0.0064255362,0.41871092
0.6756307,0.027483499,0.29688582
0.6735012,0.0060099238,0.3204889
0.81817806,0.007083536,0.17473836
0.6075312,0.0042710253,0.38819772
0.7044781,0.04385174,0.25167018
0.45313948,0.10636291,0.44049758
0.505512,0.05949594,0.4349921
0.31084147,0.0027482735,0.68641025
0.70822006,0.008584915,0.28319505
0.31771964,0.008253491,0.67402685
0.17339318,0.006679939,0.81992686
0.45483008,0.5327532,0.012416618
0.73871857,0.080853015,0.18042843
0.605201,0.058759462,0.33603954
0.4938819,0.099302225,0.40681583
0.20811638,0.054712925,0.7371707
0.2343316,0.00039796435,0.7652705
0.19382723,0.00532263,0.80085015
0.34925795,0.00993479,0.64080733
0.21638325,0.0006778204,0.7829389
0.7925936,0.08902752,0.11837886
0.9155694,0.018442176,0.06598852
0.90470475,0.048079375,0.04721585
0.90470475,0.048079375,0.04721585
0.8342089,0.021573145,0.14421795
0.8342089,0.021573145,0.14421795
0.7583358,0.011054059,0.23061013
0.7932155,0.010950288,0.19583419
0.25254396,0.0007795885,0.7466765
0.43126398,0.00053852546,0.5681975
0.7121185,0.0019482444,0.28593326
0.7398471,0.00080282945,0.25935
0.7398471,0.00080282945,0.25935
0.82851565,0.0050505786,0.16643389
0.84959966,0.007182114,0.14321831
0.84959966,0.007182114,0.14321831
0.47822535,0.0013587801,0.52041584
0.42016587,0.0014279066,0.5784062
0.4679544,0.0010993762,0.53094625
0.42302758,0.0038538468,0.5731186
0.21233939,0.00070767826,0.7869529
0.49898314,0.0028883668,0.4981285
0.5437992,0.0032674242,0.4529333
0.7154577,0.0036087974,0.28093362
0.85736245,0.0032344223,0.13940321
0.7998128,0.0041987784,0.19598833
0.7998128,0.0041987784,0.19598833
0.4873312,0.014947498,0.49772125
0.1810363,0.007966106,0.8109976
0.62059116,0.031416513,0.34799233
0.32276276,0.022478262,0.65475893
0.6464543,0.04393583,0.3096099
0.3517244,0.0074670734,0.64080846
0.3517244,0.0074670734,0.64080846
0.46418232,0.03928437,0.49653327
0.2947084,0.01658071,0.68871087
0.006799401,0.00029759645,0.99290305
0.006799401,0.00029759645,0.99290305
0.049140446,0.00077244214,0.95008713
0.049140446,0.00077244214,0.95008713
0.13451101,0.0034428823,0.8620461
0.109173395,0.0100043155,0.8808223
0.0028910316,0.996219,0.00088998786
0.0007753708,0.99881846,0.00040619995
0.0019060804,0.9896479,0.008446017
0.0016147491,0.99004096,0.00834429
0.0020012034,0.99007165,0.007927094
0.004549045,0.9840582,0.011392817
0.0077776155,0.9669279,0.025294472
0.004764308,0.9734717,0.021764057
0.010923482,0.97575027,0.013326256
0.031628046,0.9570634,0.01130854
0.009997919,0.9841756,0.005826456
0.000629549,0.9890109,0.010359556
0.0017691897,0.9977004,0.0005303908
0.009274532,0.95908916,0.03163634
0.0072063366,0.96528286,0.02751084
0.004990303,0.9802495,0.014760207
0.0076052826,0.9003557,0.09203898
0.0057448167,0.96250165,0.03175355
0.004392266,0.97658896,0.019018749
0.0010118118,0.9856938,0.0132944025
0.0023216878,0.9870727,0.010605581
0.0036426547,0.982623,0.013734419
0.009185467,0.97572744,0.015087111
0.0012380139,0.9983537,0.00040833926
0.0023108248,0.9944589,0.0032302104
0.0022001262,0.99654347,0.0012563518
0.013206307,0.91758764,0.069206126
0.012578634,0.91143274,0.07598865
0.0056768158,0.91358024,0.08074289
0.00785,0.96582305,0.026326977
0.008203416,0.9581341,0.03366242
0.011511536,0.9475483,0.040940233
0.012318377,0.87717354,0.11050808
0.026157659,0.7275947,0.24624766
0.0004710667,0.9992156,0.00031328737
0.037828352,0.8675135,0.0946582
0.02419879,0.89256394,0.083237216
0.005425212,0.9824447,0.012130056
0.011510701,0.9649495,0.023539783
0.0070387674,0.98253006,0.0104311565
0.006116248,0.98485154,0.00903224
0.004097999,0.98120624,0.014695722
0.003444554,0.98179907,0.0147563545
0.0007753708,0.99881846,0.00040619995
0.0017691897,0.9977004,0.0005303908
0.0023462693,0.9959086,0.0017451514
0.0012380139,0.9983537,0.00040833926
0.0004710667,0.9992156,0.00031328737
0.0023376497,0.99585414,0.0018082382
0.0005902627,0.9980939,0.001315782
0.00016663253,0.999624,0.00020931374
0.00027576147,0.9995024,0.00022180172
0.00017195054,0.9995184,0.00030969438
0.0006991282,0.9988972,0.0004036415
0.0023462693,0.9959086,0.0017451514
0.0006249309,0.9986077,0.00076738675
0.0011944639,0.99858475,0.0002208268
0.00095465593,0.99853826,0.00050713867
0.0005513096,0.9993278,0.00012099433
0.0011944639,0.99858475,0.0002208268
0.0019213319,0.9977825,0.00029611934
0.0024243766,0.9970476,0.0005280758
0.005265528,0.99332374,0.0014107539
0.0052692927,0.9909928,0.0037379956
0.005790727,0.98681575,0.0073935376
0.010776706,0.9795227,0.009700564
0.02238076,0.9609252,0.016694045
4.88062e-05,0.9998733,7.785194e-05
0.016577955,0.96903676,0.014385366
0.028146144,0.9322452,0.039608613
0.07954185,0.8556501,0.06480803
0.059804384,0.90106994,0.039125618
0.05883741,0.91325,0.02791258
0.19035329,0.73578626,0.07386047
0.3275734,0.6020722,0.07035443
0.014942159,0.9722363,0.012821584
0.015421285,0.96180385,0.022774909
0.012501426,0.97203493,0.015463665
0.004925967,0.99421763,0.00085637666
0.0129518155,0.97830826,0.008739904
0.001303789,0.9973705,0.0013257669
0.0076872283,0.9894734,0.00283939
0.007291004,0.98927283,0.0034361822
0.0075886175,0.9882912,0.004120107
0.0037517354,0.9928485,0.0033997633
0.008064147,0.9815045,0.010431285
0.00657399,0.98560876,0.007817188
0.006027863,0.986578,0.007394231
0.010717393,0.97929037,0.009992253
0.0005261968,0.99900204,0.00047174777
4.7943337e-05,0.99983704,0.00011504453
0.00010415471,0.99978334,0.00011257697
0.000155045,0.99940515,0.00043980783
0.00045865856,0.99525946,0.0042819246
0.00030444402,0.9944419,0.005253596
0.00025605326,0.9979892,0.0017547245
0.00016502454,0.9994517,0.00038326488
0.00023499482,0.9992549,0.0005101222
0.000280752,0.99852556,0.0011936678
0.0005551919,0.9991021,0.00034268672
0.002883795,0.9696084,0.027507836
0.00047957996,0.9991912,0.00032922457
0.0005944391,0.99893194,0.00047360198
0.0013177996,0.9899698,0.0087123895
0.00038030118,0.9956245,0.003995209
0.000302667,0.99739826,0.002299042
0.001427557,0.99293584,0.0056365477
0.0010435628,0.9974527,0.0015036996
0.0006362192,0.99852127,0.00084248494
0.0006261757,0.99844354,0.0009302515
0.00025713097,0.99946564,0.00027729193
0.005402841,0.99302787,0.0015692596
0.0007901378,0.99643695,0.0027729594
0.0004259669,0.9984987,0.0010753837
0.00066055206,0.9976064,0.0017330706
0.00048762202,0.9964167,0.0030956592
0.0005414085,0.9965385,0.0029200339
0.0016835339,0.991322,0.006994531
0.0019779366,0.99306834,0.0049537276
0.0013320892,0.99730635,0.0013616157
0.00021461508,0.99917585,0.0006094767
0.0001538411,0.9993024,0.0005437235
0.0006061969,0.99828136,0.0011124541
0.0007881838,0.99725574,0.001956046
0.00034587932,0.99938583,0.0002682416
0.0002305574,0.9995192,0.00025019777
0.00011400056,0.9996228,0.00026318597
0.00012398875,0.99930656,0.00056940364
0.00020878515,0.99944156,0.000349592
0.0001633948,0.99930024,0.000536348
0.0008068577,0.9966833,0.0025098769
0.0004532445,0.9983121,0.0012346504
0.00013820054,0.99960893,0.0002529412
0.00076141517,0.99878997,0.00044862615
0.00037326096,0.99929786,0.0003288505
0.0004026828,0.99921787,0.00037949168
0.00072396506,0.99863404,0.0006420082
0.0024175504,0.99416214,0.003420324
0.0051410436,0.9895148,0.005344114
0.007360221,0.9836167,0.009023031
0.0282063,0.9507945,0.020999195
0.012271006,0.9685712,0.019157847
0.0022128471,0.9946543,0.0031329
0.00021174396,0.9988695,0.00091875956
3.7315473e-05,0.99956673,0.0003959286
0.0014355306,0.99726474,0.0012996809
5.143626e-05,0.9997509,0.0001976411
0.00015669131,0.99759334,0.002249918
0.00011480137,0.9954579,0.004427279
3.57805e-05,0.99952257,0.00044166445
6.735981e-05,0.99872583,0.0012067474
0.0004625759,0.9964658,0.0030716409
0.0015598047,0.99212825,0.006311928
0.00027595783,0.99892527,0.00079871225
0.00035801664,0.9985796,0.0010623414
0.0001552752,0.9980837,0.0017610017
0.0020424987,0.99751806,0.0004394526
0.000119349206,0.99868375,0.001196839
2.3488508e-05,0.9998981,7.836697e-05
0.0001595165,0.9987563,0.0010841545
4.975096e-05,0.9997892,0.00016105914
0.0005890238,0.997626,0.0017849997
0.0040189438,0.9829132,0.013067798
0.0028251733,0.9896515,0.0075232727
0.0007952287,0.9953447,0.0038600494
0.0002510457,0.99946946,0.00027945504
0.0010199985,0.9975526,0.0014274265
0.0046537495,0.99349856,0.0018476655
0.000769761,0.9985536,0.0006766949
0.00048034373,0.9991504,0.0003693118
0.0032745376,0.9949897,0.0017357502
0.0056202747,0.9915555,0.0028241845
0.000842773,0.99795145,0.0012057531
0.0041404967,0.9921564,0.0037030887
0.0039928723,0.9928076,0.003199534
0.0012873226,0.995516,0.0031966295
0.0007145472,0.9973604,0.0019250803
0.013186326,0.9374699,0.04934379
0.004609942,0.99343276,0.0019573288
0.049028177,0.90345126,0.047520578
0.0750581,0.8337889,0.09115307
0.005520991,0.97708726,0.017391687
0.009083964,0.9709093,0.020006735
0.0018649374,0.9859612,0.0121738855
0.0010398666,0.9916271,0.007333056
0.0012906423,0.99851924,0.00019010794
0.0039710845,0.9946026,0.0014262924
0.0037978585,0.9951657,0.001036401
0.0014211602,0.99748,0.0010988327
0.0007925698,0.9942372,0.004970233
0.0010998757,0.9978728,0.001027263
0.0012339526,0.99788207,0.00088391424
0.0017649182,0.9967373,0.0014977603
0.0047517703,0.98770976,0.0075385356
0.013826705,0.9740631,0.012110162
0.016770313,0.96473145,0.018498294
0.01851059,0.94941443,0.03207505
0.017065607,0.91819245,0.06474193
0.016219165,0.87743145,0.10634943
0.0031408255,0.9804749,0.016384292
0.00093364,0.99617624,0.002890093
0.011873517,0.97034925,0.017777303
0.0019059427,0.99551326,0.0025807703
0.0026406646,0.99182945,0.005529899
0.0012036518,0.99631965,0.0024766582
0.0012148555,0.99670464,0.0020805553
0.0011849187,0.99802774,0.00078728155
0.0036714687,0.99464697,0.0016815091
0.002682516,0.995821,0.0014964184
0.008763105,0.98530996,0.0059268675
0.007873811,0.98615104,0.005975191
0.0002630541,0.991135,0.008601974
0.03413302,0.9236127,0.04225423
0.021640714,0.9471288,0.031230427
0.01480306,0.9561463,0.029050693
0.0088027,0.98110425,0.0100930445
0.0039931736,0.9863841,0.009622673
0.007614221,0.984134,0.00825175
0.011574381,0.9774829,0.010942685
0.007035874,0.98554415,0.0074199056
0.02184132,0.96062315,0.017535562
0.031280592,0.9540152,0.0147041725
0.017869506,0.9779603,0.004170225
0.023070907,0.9188336,0.05809546
0.0035004471,0.9904649,0.006034593
0.007741161,0.9858979,0.006360913
0.010256077,0.98350453,0.0062394408
0.013319025,0.97300196,0.013678958
0.010371537,0.98034704,0.009281402
0.006646054,0.98950595,0.0038479913
0.0057244035,0.9896213,0.004654257
0.0028121627,0.9950966,0.0020911796
0.0015761801,0.99633247,0.0020914318
0.0023608757,0.9922426,0.005396525
0.0057025943,0.9866354,0.0076620225
0.002797348,0.9915767,0.005625923
0.012223791,0.9764715,0.011304735
0.006282668,0.9898005,0.0039168485
0.002916343,0.99500644,0.0020771688
0.004841004,0.9915951,0.0035639014
0.006773872,0.9874988,0.0057273153
0.0065224743,0.98728687,0.0061906385
0.006233612,0.98536956,0.008396749
0.005024185,0.98853743,0.0064384327
0.009802668,0.9839511,0.0062462874
0.01590355,0.9700155,0.0140809715
0.010033294,0.9809115,0.009055195
0.014885066,0.95949715,0.025617851
0.020523861,0.9446236,0.034852516
0.0203606,0.95661634,0.023023078
0.029182838,0.88468826,0.08612887
0.020181553,0.90724844,0.07257003
0.000645202,0.99184376,0.007511001
0.00096283725,0.9926685,0.0063686064
0.0009871875,0.99250644,0.0065064025
0.0010471077,0.9945556,0.004397285
0.023396363,0.96581984,0.010783796
0.0005232228,0.9960821,0.0033946624
0.0008339503,0.9965695,0.0025965008
0.0021778408,0.99126786,0.0065543447
0.0021338745,0.981764,0.016102085
0.0016885618,0.9913673,0.0069440906
0.0004940382,0.9965867,0.0029192297
0.0017382238,0.99561924,0.0026425149
0.0022378494,0.99177635,0.0059857587
0.0011347046,0.9970585,0.0018067873
0.00091861404,0.9976051,0.0014762986
0.04098852,0.92676044,0.032251026
0.0013782395,0.99626774,0.0023540624
0.00045968575,0.9966664,0.0028738996
0.00039781356,0.99631834,0.0032838155
0.0009200297,0.99569726,0.0033826944
0.00075905555,0.99500173,0.0042391378
0.0009468565,0.9918852,0.0071679894
0.00068201957,0.9953187,0.003999249
0.0006513861,0.9965874,0.0027612343
0.0008727392,0.9954561,0.0036711767
0.00090101425,0.9956418,0.0034571635
0.045167074,0.93601966,0.018813338
0.0011085205,0.99597836,0.0029130967
0.0010322705,0.9967709,0.0021967608
0.0006154715,0.99734205,0.0020425387
0.00047256862,0.9968726,0.0026548395
0.0029738934,0.9918316,0.0051945047
0.0046505113,0.99183804,0.0035114228
0.002013634,0.99530655,0.0026797845
0.0022051337,0.9943389,0.0034559323
0.0018154056,0.9881435,0.010041123
0.011024548,0.97083586,0.01813967
0.03651748,0.9473156,0.016166976
0.006099451,0.9880706,0.005829878
0.002385749,0.99552983,0.0020843986
0.0030733799,0.9940194,0.002907194
0.009595702,0.9697908,0.020613505
0.005816408,0.98631567,0.007867926
0.0037732592,0.991572,0.004654778
0.01923874,0.9526461,0.028115189
0.006628332,0.96197516,0.031396486
0.0021133295,0.98230755,0.015579157
0.0046357405,0.97099733,0.02436699
0.01656779,0.95499814,0.028434072
0.007560465,0.95720273,0.035236765
0.006921986,0.96976715,0.023310915
0.0051511894,0.9663962,0.028452655
0.007964301,0.9569543,0.035081327
0.010112997,0.91666085,0.073226154
0.0073996275,0.9377059,0.054894473
0.0052369335,0.95820975,0.03655335
0.009604722,0.9436104,0.046784885
0.01005077,0.93672127,0.053227924
0.007814399,0.9517427,0.040442877
0.025581788,0.9424182,0.031999934
0.008114169,0.94863987,0.04324599
0.00021111086,0.99964154,0.00014737436
0.00267778,0.9968587,0.00046347114
0.00083733705,0.998769,0.0003936691
0.0011518843,0.99494725,0.003900941
0.00070605736,0.99740124,0.0018926761
0.0019822065,0.99662685,0.0013909806
0.0017764712,0.9966432,0.0015803855
0.004352165,0.9927664,0.0028814818
0.002631565,0.99249846,0.004869905
0.03941749,0.92359746,0.036985107
0.0009733967,0.99632674,0.0026998448
0.00095251156,0.9977568,0.0012907013
0.00285738,0.9948186,0.0023239595
0.0032338325,0.9923649,0.004401278
0.0043727895,0.9930519,0.0025753053
0.0017572183,0.99358153,0.004661212
0.0010167741,0.99742043,0.001562819
0.0007839305,0.99782,0.0013960353
0.00030375316,0.99916446,0.00053174794
0.0007151898,0.99730587,0.0019789382
0.04117414,0.9506541,0.008171733
0.048828095,0.91555244,0.035619497
0.000667722,0.9979309,0.0014014506
0.0016403979,0.9935921,0.0047674724
0.0018130597,0.9974483,0.00073861174
0.0019145719,0.9966472,0.0014382048
0.0052771824,0.9931891,0.0015337745
0.007883474,0.99089503,0.0012215289
0.019679014,0.97690964,0.003411322
0.013068526,0.9834171,0.0035143653
0.0272845,0.95456356,0.018151931
0.026027083,0.96190864,0.012064242
0.040960774,0.91617507,0.04286414
0.032761328,0.9443923,0.022846341
0.0408979,0.92761385,0.031488255
0.02398523,0.9581807,0.017834043
0.0563365,0.9080346,0.03562892
0.06882657,0.86491024,0.066263154
0.112416565,0.0029631038,0.88462037
0.07197391,0.0027462617,0.9252798
0.14649308,0.037711233,0.8157957
0.11261131,0.038695566,0.8486931
0.44237342,0.138562,0.41906458
0.08405695,0.8345995,0.08134352
0.41267994,0.023981,0.563339
0.48667485,0.0375959,0.47572923
0.57845,0.053415146,0.36813477
0.5946576,0.068340994,0.33700138
0.49083674,0.096646145,0.4125171
0.2615484,0.17661402,0.5618376
0.30174592,0.07361239,0.62464166
0.016073423,0.9735998,0.010326716
0.018836113,0.9696102,0.011553637
0.010529374,0.9859278,0.0035428298
0.019247372,0.9421427,0.038609885
0.011850421,0.98019683,0.007952682
0.009324231,0.9840344,0.0066413768
0.0064450204,0.98499,0.008565024
0.028345268,0.9157376,0.055917144
0.036606245,0.87683094,0.0865628
0.039418105,0.8100589,0.15052298
0.040712494,0.7623365,0.19695103
0.021844951,0.84496635,0.13318868
0.04059125,0.86200935,0.09739932
0.048395798,0.76073503,0.19086915
0.0010051973,0.9967435,0.002251342
0.00012513463,0.9998072,6.765833e-05
0.00016112845,0.99962723,0.00021166222
9.150916e-05,0.99969935,0.00020922255
9.7775766e-05,0.99957865,0.00032360107
7.659461e-05,0.9991136,0.00080976594
3.947614e-05,0.9983726,0.0015879689
7.213391e-05,0.99856013,0.0013677813
9.384489e-05,0.99398077,0.005925427
9.5456315e-05,0.9977717,0.002132872
0.00022742692,0.9979572,0.0018153312
0.0017252986,0.9967173,0.0015573535
0.0001594428,0.99857104,0.0012695115
0.00014497647,0.99925417,0.0006007896
0.0001830812,0.99956745,0.00024944052
0.0005462956,0.9987503,0.00070339756
0.00046228975,0.99872786,0.00080986606
0.00080682075,0.99815434,0.0010388511
0.00025830805,0.9995115,0.00023021572
0.0004824216,0.9993001,0.00021739467
0.00016450655,0.99940157,0.00043393474
0.0016500267,0.99744606,0.0009038987
0.0014112039,0.9920564,0.006532366
0.0012755685,0.9981844,0.0005399875
0.0028858306,0.98817736,0.008936781
0.00047419127,0.987535,0.011990817
9.263928e-05,0.9974675,0.0024398041
5.672312e-05,0.9992086,0.00073463557
9.186115e-05,0.9979444,0.0019636771
0.0005638518,0.9888593,0.010576893
0.0011198182,0.9839663,0.014913862
0.0006268228,0.99425805,0.005115104
0.00014655257,0.99791235,0.00194105
0.0013496998,0.9948566,0.0037936713
0.00033947744,0.99500364,0.0046569053
0.00024528502,0.99591583,0.0038388597
0.00019773033,0.9985134,0.0012888463
0.00037551235,0.9975527,0.0020717795
0.0008672522,0.9964641,0.0026686643
0.0031668483,0.99221027,0.004622911
0.00079817127,0.99831057,0.00089128123
9.96721e-05,0.9996208,0.00027949282
0.0017585566,0.9966343,0.0016071335
0.0016368843,0.99469477,0.0036683287
0.001591505,0.991467,0.0069414517
0.00015262261,0.9993309,0.00051655254
8.475882e-05,0.99955684,0.00035835025
2.2235934e-05,0.99963236,0.00034534425
0.0019046713,0.96317756,0.03491779
0.0004082831,0.9889998,0.010591998
0.0004140567,0.98922974,0.010356239
0.00040499328,0.99645174,0.003143248
0.0038303453,0.97534925,0.020820417
0.00385239,0.9633731,0.032774538
0.0012684755,0.9812369,0.01749459
0.0015321964,0.9940169,0.004450914
0.0004197862,0.99435496,0.005225296
0.0008912161,0.99030775,0.008800975
0.0030316515,0.95391476,0.04305362
0.0008733311,0.97773576,0.021390943
0.0026730546,0.83956933,0.15775764
0.002135841,0.9879166,0.009947542
0.0034437317,0.9801601,0.016396144
0.019214526,0.95500314,0.02578232
0.011125037,0.9667978,0.022077162
0.00949923,0.8393473,0.15115346
0.0060420185,0.9919864,0.0019715976
0.0006500706,0.9967996,0.002550302
0.01067344,0.6562184,0.33310813
0.0087382365,0.6336959,0.35756588
0.0005770119,0.98710024,0.012322707
0.00078014436,0.95285004,0.046369787
0.0009561195,0.9247911,0.07425273
0.00045787173,0.98053336,0.019008813
0.0028019892,0.94769645,0.04950154
0.011146669,0.8942872,0.09456609
0.0098979315,0.97842777,0.011674297
0.0101018865,0.9863473,0.0035507653
0.0020752032,0.9919962,0.005928532
0.015134653,0.972484,0.012381362
0.025127001,0.94818515,0.026687825
0.0011641155,0.9978313,0.0010045727
0.00034605796,0.99926525,0.00038865622
0.0018688559,0.996411,0.0017201363
0.0031358267,0.99406165,0.0028025457
0.0011067913,0.9975963,0.0012968538
0.00039630794,0.9990746,0.0005291019
0.00084267627,0.9972404,0.0019169378
0.0011062236,0.9983291,0.0005647015
0.002325242,0.9944899,0.0031848247
0.0022481817,0.99635726,0.0013945792
0.0033006866,0.99298495,0.003714323
0.012366827,0.9797233,0.007909952
0.00070170907,0.9964185,0.002879796
0.00018989379,0.99911195,0.00069818966
0.00017981256,0.99873763,0.0010825773
0.0002182943,0.9989574,0.0008243158
0.0012286847,0.9978763,0.0008950839
0.000109883644,0.9997706,0.000119496064
4.6724894e-05,0.99979955,0.00015378822
0.0033392154,0.9956943,0.00096650916
7.582848e-05,0.9996902,0.00023397303
0.00031245078,0.9982014,0.0014861927
0.0012004935,0.993469,0.005330467
0.0026646145,0.9938793,0.0034560217
0.0024761725,0.9963685,0.0011552819
0.0030058555,0.99508035,0.0019138374
0.009733871,0.98665756,0.0036085458
0.0015846275,0.99575377,0.0026616626
0.0026713822,0.9717055,0.025623115
0.0059613627,0.9889529,0.0050857873
0.005527997,0.9936352,0.00083678804
0.007384561,0.98336524,0.0092502115
0.0070835236,0.98534346,0.007573025
0.00032675787,0.99872166,0.0009516132
0.006091105,0.9914665,0.0024423194
0.011865633,0.98414916,0.003985217
0.0010818109,0.99855334,0.00036486378
0.0035854639,0.99306387,0.003350684
0.005202885,0.9929837,0.0018133866
0.0017447962,0.9976573,0.0005978281
0.0011394399,0.99797314,0.00088741333
0.005462101,0.99299484,0.0015430475
0.0012167868,0.99831295,0.00047028222
0.0012163398,0.9982003,0.000583284
0.003885525,0.9941444,0.0019701195
0.0006527512,0.998936,0.00041125272
0.0007188035,0.9985972,0.0006839862
0.0014306968,0.9979233,0.0006460613
0.0023167003,0.9965312,0.0011521776
0.004148152,0.9936055,0.002246301
0.0063670557,0.99147415,0.0021587366
0.0038325696,0.9953584,0.0008090674
0.006817997,0.9911901,0.001991895
0.0021517065,0.9973816,0.0004666422
0.0026904165,0.9969349,0.0003747235
0.0049675615,0.993933,0.0010994324
0.023641892,0.95893806,0.017420003
0.025298646,0.9677393,0.006962043
0.010635838,0.98747253,0.0018916252
0.017869506,0.9779603,0.004170225
0.024919027,0.9691677,0.005913266
0.04117414,0.9506541,0.008171733
0.013817042,0.9822651,0.003917811
0.010896817,0.986356,0.0027470845
0.0060420185,0.9919864,0.0019715976
0.0072409534,0.9907239,0.0020351298
0.0075949403,0.99096,0.0014451313
0.010635838,0.98747253,0.0018916252
0.014219312,0.98323214,0.0025485244
0.0136435935,0.98107165,0.0052847276
0.017233536,0.9774499,0.005316548
0.0136435935,0.98107165,0.0052847276
0.0072498773,0.9905099,0.0022401656
0.005402841,0.99302787,0.0015692596
0.0044571077,0.99373937,0.0018035405
0.0037110492,0.99336374,0.0029251724
0.00626485,0.98783803,0.005897126
0.011608033,0.9796245,0.008767489
0.007287871,0.9881364,0.004575702
0.007845349,0.9889697,0.0031849777
0.005265528,0.99332374,0.0014107539
0.0081099495,0.98211527,0.009774741
0.007006717,0.9634274,0.029565878
0.0055784457,0.9764964,0.017925171
8.906904e-05,0.9991817,0.0007291812
0.00044399922,0.99746525,0.0020907547
0.000177689,0.999311,0.0005112869
0.0013791838,0.99705875,0.0015620482
0.0014002647,0.99426347,0.0043362207
0.0025645152,0.9926664,0.0047691083
0.00074256916,0.9938565,0.0054009897
0.0052692927,0.9909928,0.0037379956
0.00068931305,0.99438226,0.0049284208
0.000614947,0.9951498,0.0042352425
0.0007248073,0.9931589,0.0061163693
0.0010804761,0.98819727,0.010722208
0.0012493893,0.98664933,0.012101269
0.0010103534,0.9967487,0.0022409856
0.00073937594,0.9950088,0.0042517437
0.0008795108,0.9930875,0.006032957
0.0010438052,0.9936924,0.005263781
0.00023002732,0.99885356,0.0009163862
0.13210976,0.0027036457,0.8651865
0.122050725,0.02400748,0.85394174
0.11222191,0.000374526,0.88740355
0.11341339,0.0003163258,0.8862702
0.05897452,0.00012379246,0.9409017
0.07154424,0.00014719166,0.92830855
0.0868715,0.00021460794,0.9129139
0.047997627,0.00011816139,0.9518842
0.15662344,0.0006566767,0.84271985
0.06431653,0.00018582691,0.9354977
0.005547277,3.476204e-05,0.994418
0.008148256,1.2758724e-05,0.991839
0.1378976,0.036898773,0.82520366
0.019383905,2.8408182e-05,0.98058766
0.029677123,0.00047048015,0.96985245
0.08633518,0.13891247,0.7747523
0.04647946,0.11376153,0.8397591
0.02413136,0.11217527,0.8636935
0.17963696,0.0915288,0.7288342
0.13135105,0.09761126,0.77103764
0.1436098,0.18520468,0.67118555
0.09763088,0.024703586,0.87766546
0.12776731,0.057466876,0.8147658
0.19135442,0.048700817,0.7599448
0.08724636,0.055771325,0.8569823
0.043443304,0.096296705,0.86026
0.020137096,0.047480967,0.93238187
0.04629346,0.033866562,0.9198399
0.06258381,0.06255081,0.87486535
0.0378133,0.08177791,0.88040876
0.059111837,0.06387177,0.87701637
0.07735226,0.3787784,0.5438693
0.032761812,0.55823994,0.40899825
0.08189509,0.21232818,0.7057767
0.33587298,0.1486497,0.51547736
0.036504056,0.793602,0.169894
0.11730297,0.0040728496,0.87862426
0.33766615,0.053525995,0.60880786
0.60237294,0.019543527,0.3780835
0.68634886,0.050242733,0.26340836
0.052358333,0.0005640029,0.9470776
0.036504,0.00070396625,0.962792
0.050045308,0.00028956946,0.94966507
0.051314108,0.00026287054,0.948423
0.075356714,0.0003440023,0.92429936
0.110804826,0.00022865857,0.8889665
0.06901576,0.00017641373,0.9308079
0.1196265,0.00030273802,0.88007075
0.08439503,0.0013041565,0.91430086
0.058478728,0.00042059066,0.94110066
0.09660341,0.00039835193,0.9029982
0.12858102,0.0009801339,0.8704388
0.29077438,0.0034172025,0.7058084
0.17493367,0.002629401,0.822437
0.05257712,0.0017416885,0.94568115
0.048643496,0.0025099646,0.9488465
0.081277296,9.1499984e-05,0.91863114
0.095273435,0.0016677856,0.9030588
0.1626586,0.006293911,0.8310475
0.15646856,0.0048515145,0.8386799
0.1107377,0.0037757417,0.8854866
0.1430432,0.008991288,0.8479656
0.09530247,0.0035207977,0.9011768
0.109852724,0.0105069345,0.8796404
0.09719386,0.011080008,0.89172614
0.04615407,0.00084170635,0.9530042
0.036082007,0.0001865902,0.96373135
0.16238937,8.00251e-05,0.83753055
0.043546315,0.0001805373,0.95627314
0.034273718,0.00042096828,0.9653054
0.02323755,0.00015592814,0.97660655
0.017048303,0.00015852987,0.9827932
0.008552424,5.9632504e-05,0.9913879
0.029556153,0.0001774908,0.9702663
0.01862154,8.46475e-05,0.98129374
0.01084194,0.00064990105,0.98850816
0.07107263,0.0008146571,0.92811275
0.16752534,0.0043491535,0.82812554
0.12007702,0.00014587585,0.87977713
0.055737447,0.0037021462,0.9405605
0.047798537,0.0020074605,0.9501941
0.06258926,0.008422321,0.92898846
0.022098802,0.0019255744,0.97597563
0.32304433,0.025652437,0.65130323
0.066568814,0.03117452,0.90225667
0.05614529,0.03245165,0.911403
0.059883993,0.0050364877,0.9350796
0.29430786,0.02710985,0.6785823
0.1293007,0.0072580106,0.8634412
0.25576198,0.00041275664,0.7438252
0.09037077,0.0032182944,0.9064109
0.09506624,0.0024749825,0.90245867
0.17425613,0.007995507,0.8177484
0.21302606,0.005416524,0.7815574
0.20128548,0.0032487544,0.79546577
0.4971912,0.013769478,0.48903927
0.3176743,0.030700337,0.6516254
0.16779748,0.0027465837,0.8294559
0.25126904,0.02056897,0.728162
0.21923082,0.020764636,0.7600046
0.2898687,0.0007523678,0.70937896
0.058678426,0.00032576013,0.9409958
0.055761337,0.001224706,0.94301397
0.06702652,0.004116865,0.9288566
0.07081689,0.0030431852,0.92613995
0.009808194,0.0009999071,0.98919195
0.002934655,3.760822e-05,0.9970278
0.004132435,2.4719104e-05,0.9958429
0.0036981797,5.6006655e-05,0.9962458
0.0037734448,2.6550622e-05,0.9961999
0.010878744,0.00013497472,0.98898625
0.08414411,0.008353871,0.907502
0.14385875,0.00064065726,0.85550064
0.42978913,0.019720534,0.5504904
0.33844274,0.023239704,0.63831764
0.28851062,0.060505427,0.6509839
0.14608239,0.002841851,0.8510757
0.10676609,0.00077831506,0.8924555
0.14585961,0.00022176268,0.85391855
0.06619828,0.0013650317,0.9324367
0.11566748,0.0036266306,0.8807059
0.100308195,0.0018137416,0.89787805
0.1696365,0.002467504,0.827896
0.16644828,0.0015740645,0.83197767
0.021420512,0.0005636383,0.97801596
0.0041111475,9.45603e-05,0.9957943
0.0034738472,3.4071603e-05,0.9964921
0.021595953,0.00011688459,0.97828716
0.015677905,0.00020021263,0.9841218
0.024369555,0.00019262769,0.9754378
0.022148244,8.476413e-05,0.977767
0.033284303,0.00012123567,0.9665945
0.020053383,0.0001269602,0.9798196
0.07206794,0.00027116103,0.92766094
0.11042454,0.0033476471,0.8862278
0.25746867,0.031509094,0.7110222
0.21690078,0.027092969,0.7560063
0.4067345,0.01840813,0.57485735
0.042047627,0.0026401384,0.9553122
0.09629756,0.003342368,0.90036
0.09188247,0.0032040395,0.9049134
0.089298755,0.00050537667,0.9101958
0.04779502,0.0041100513,0.9480949
0.12235141,0.0064485623,0.8712
0.13669959,0.0047009205,0.8585996
0.10844142,0.0027230636,0.8888355
0.24719271,0.2864071,0.4664002
0.02235382,0.0016806775,0.9759655
0.018234596,0.0014506433,0.98031485
0.011574163,0.0013172198,0.98710865
0.009609689,0.00092037267,0.9894699
0.015059493,0.0019267125,0.98301375
0.010735161,0.0006433963,0.9886214
0.009581761,0.00054987514,0.9898684
0.033127625,0.0051290384,0.9617433
0.06338365,0.0115254745,0.92509085
0.17281291,0.0045340643,0.82265306
0.07175176,0.025445446,0.9028028
0.06243697,0.0067515587,0.93081146
0.034718353,0.032585,0.9326967
0.1618242,0.24909605,0.5890798
0.003899451,0.00015707259,0.9959435
0.0017590015,0.00018305417,0.9980579
0.0069422377,0.00017507821,0.9928827
0.0099324575,8.477442e-05,0.9899828
0.021433549,0.00051030196,0.9780561
0.0080187665,0.00027363905,0.9917075
0.65334266,0.046937305,0.29972005
0.0221876,0.00070577674,0.97710663
0.008142125,0.00014111932,0.9917167
0.0073523503,0.0008159043,0.9918317
0.0070039937,0.00036594368,0.99263
0.11161668,0.004085693,0.8842976
0.046899047,0.011706818,0.94139403
0.05485969,0.004106637,0.9410336
0.03152925,0.0017466962,0.966724
0.04249935,0.0028209032,0.9546798
0.04935474,0.0013046587,0.9493406
0.28531566,0.29608917,0.41859514
0.05041842,0.0007179067,0.9488636
0.050343957,0.004806234,0.9448498
0.06985298,0.013536689,0.91661024
0.07327132,0.008139628,0.918589
0.020480033,0.022433544,0.95708644
0.045177724,0.04588294,0.9089393
0.0972748,0.020944683,0.8817805
0.16491312,0.026709719,0.8083772
0.124423735,0.07068349,0.8048927
0.0463213,0.060895417,0.8927833
0.14280438,0.00090541283,0.85629016
0.012334148,0.0010322544,0.98663366
0.0067480523,0.0012029159,0.99204904
0.0052743074,0.0016030342,0.99312276
0.006810221,0.004892324,0.9882974
0.012276069,0.0050749285,0.9826491
0.022396823,0.019010242,0.9585929
0.010368086,0.030865066,0.9587669
0.014918659,0.005265495,0.97981584
0.012254688,0.006367001,0.9813783
0.40742135,0.024508243,0.5680703
0.21007653,0.00087439147,0.7890491
0.045409683,0.010606454,0.9439839
0.06491541,0.014110749,0.9209739
0.04045979,0.0029398503,0.9566003
0.114396095,0.015749186,0.86985475
0.06798771,0.007680262,0.924332
0.071365155,0.009902417,0.91873246
0.08521221,0.005038463,0.90974927
0.07824956,0.010381445,0.911369
0.051661015,0.005633101,0.94270587
0.031903375,0.014559804,0.95353675
0.5057776,0.012250413,0.48197195
0.034260742,0.006607999,0.95913124
0.026316866,0.0068977876,0.9667854
0.012501363,0.0065597976,0.9809388
0.034932666,0.007865939,0.9572013
0.009251352,0.0035084216,0.98724025
0.00785634,0.011432331,0.9807113
0.0040318286,0.0024262862,0.99354196
0.424878,0.025707131,0.54941493
0.44739723,0.040006,0.5125968
0.27126634,0.039705224,0.68902844
0.14564405,0.004593326,0.84976256
0.11830422,0.0045198984,0.87717587
0.2631746,0.04323205,0.69359344
0.34108403,0.07159968,0.5873163
0.32095656,0.12109745,0.55794597
0.35734287,0.033250805,0.60940635
0.25951466,0.025314346,0.715171
0.7024005,0.041606326,0.2559931
0.76370275,0.041806895,0.19449036
0.22237203,0.0045945477,0.77303344
0.27709895,0.01312813,0.7097728
0.2789729,0.012750556,0.7082765
0.37812036,0.032022692,0.5898569
0.47642645,0.021718437,0.50185513
0.5465348,0.023753636,0.42971152
0.4637815,0.029743224,0.50647527
0.06368818,0.0007951811,0.9355167
0.035276104,0.00033920223,0.9643846
0.084734224,0.00035225035,0.91491354
0.08155896,0.0012875706,0.9171534
0.020604305,0.00011169287,0.9792839
0.035335813,0.00018040644,0.96448374
0.012002953,0.00021276054,0.9877843
0.29791197,0.0901144,0.61197364
0.022235274,0.00041401133,0.9773507
0.04629885,0.00086731266,0.95283383
0.025412317,0.0002522899,0.97433543
0.031007936,0.0001098788,0.96888214
0.2708505,0.03608123,0.6930682
0.21676424,0.022025032,0.7612107
0.19123599,0.053439844,0.7553242
0.3371679,0.05639572,0.60643643
0.27238902,0.011511142,0.71609986
0.28010958,0.004714624,0.7151758
0.7331275,0.020441191,0.24643135
0.23414011,0.0051064044,0.76075345
0.2780656,0.006079542,0.7158549
0.21276657,0.0015723249,0.7856611
0.17019765,0.0016220409,0.82818025
0.14694524,0.0024358418,0.8506189
0.48321187,0.02014065,0.49664745
0.062777765,0.00065173826,0.9365706
0.0715674,0.0007824305,0.9276502
0.13847446,0.0010083137,0.86051726
0.10552739,0.0019812088,0.89249134
0.67175776,0.017984614,0.31025758
0.1261742,0.0003351182,0.8734907
0.11398508,0.00041911745,0.8855958
0.1078664,0.0005028011,0.8916308
0.24658147,0.00062817446,0.7527904
0.005337486,0.20594677,0.7887158
0.012168476,0.27115485,0.7166767
0.026212506,0.08861348,0.8851741
0.008116977,0.074963994,0.91691905
0.024305962,0.6161406,0.35955346
0.19573759,0.65785,0.14641242
0.68367785,0.029655032,0.2866671
0.01155882,0.0011442095,0.98729694
0.06804245,0.010564677,0.9213928
0.0349918,0.006090562,0.9589177
0.051910784,0.010470329,0.9376189
0.031397715,0.009044084,0.9595581
0.6565092,0.008478288,0.33501247
0.8578857,0.00718503,0.1349293
0.7345001,0.011164868,0.25433505
0.68230265,0.016514933,0.30118242
0.613201,0.024347417,0.36245158
0.50581974,0.031370938,0.4628093
0.625942,0.013271148,0.36078689
0.521551,0.0068636457,0.47158533
0.4697863,0.006701242,0.5235124
0.34312615,0.0030533518,0.6538205
0.25164393,0.0009917616,0.7473643
0.35745418,0.0015823751,0.64096344
0.29982275,0.0011349015,0.6990423
0.29158944,0.0008801535,0.7075305
0.4005398,0.004793866,0.5946664
0.42851272,0.004739107,0.56674814
0.10562783,0.0014455632,0.89292663
0.31043708,0.0021949348,0.687368
0.63097614,0.0020413222,0.36698255
0.66163576,0.0047151274,0.33364907
0.7699596,0.0026032035,0.2274371
0.79559064,0.0046354285,0.19977397
0.80922717,0.007934231,0.1828386
0.61463165,0.00410651,0.3812619
0.61205894,0.005280619,0.3826604
0.28568274,0.0019480643,0.7123692
0.29528493,0.002932593,0.70178246
0.3005392,0.033630535,0.66583025
0.36894992,0.0014333809,0.62961674
0.42473444,0.0016748905,0.57359064
0.49016526,0.0047836024,0.50505114
0.5132639,0.0033856323,0.48335052
0.36515933,0.0022211936,0.63261956
0.3832676,0.03364364,0.5830888
0.35492197,0.014099595,0.63097835
0.23901762,0.0030002326,0.75798213
0.18895191,0.0026570568,0.8083911
0.13118586,0.0019611989,0.86685294
0.078973435,0.0076884595,0.9133381
0.056264453,0.0026708366,0.94106466
0.099940196,0.00037878286,0.89968103
0.13433048,0.0015925769,0.864077
0.06553515,0.0008722989,0.9335925
0.023740597,0.0007861897,0.97547317
0.021024235,0.0005250376,0.9784508
0.046846904,0.0016041844,0.95154893
0.053640924,0.00029751792,0.9460616
0.059920587,0.00055471424,0.93952465
0.52857053,0.0036022004,0.4678273
0.19984724,0.007657612,0.79249525
0.046734236,0.0016817906,0.9515839
0.783532,0.003335395,0.2131326
0.7673648,0.00242668,0.23020844
0.67139053,0.00817378,0.32043567
0.4144546,0.013232147,0.5723133
0.5747219,0.020859508,0.4044186
0.5568006,0.004203362,0.438996
0.34312615,0.0030533518,0.6538205
0.35745418,0.0015823751,0.64096344
0.4005398,0.004793866,0.5946664
0.80922717,0.007934231,0.1828386
0.1186501,0.005276587,0.87607324
0.11398508,0.00041911745,0.8855958
0.2780656,0.006079542,0.7158549
0.1378976,0.036898773,0.82520366
0.2898687,0.0007523678,0.70937896
0.68634886,0.050242733,0.26340836
0.12858102,0.0009801339,0.8704388
0.048643496,0.0025099646,0.9488465
0.042497046,0.017533775,0.93996924
0.09677527,0.008835471,0.89438933
0.06229008,0.001689891,0.93601996
0.05690848,0.00088040886,0.9422112
0.07089852,0.001202872,0.9278986
0.058991835,0.00068398134,0.9403241
0.15459867,0.008240553,0.83716077
0.192752,0.03595253,0.7712955
0.21153401,0.01735084,0.7711151
0.05398755,0.0008843464,0.9451281
0.10619105,0.00031980706,0.89348906
0.118736885,0.001431483,0.8798317
0.11886381,0.0017010106,0.87943524
0.043189395,0.0005525286,0.956258
0.03997149,0.001597096,0.9584314
0.018206209,0.004085122,0.97770864
0.1387547,0.04072889,0.8205164
0.06816164,0.004453957,0.9273845
0.084626764,0.099386565,0.81598663
0.04173867,0.0006004647,0.95766085
0.028629722,0.116814524,0.8545557
0.12349064,0.24469733,0.6318121
0.0338901,0.024751797,0.94135803
0.0508502,0.06691405,0.88223577
0.029889818,0.00040102887,0.9697092
0.082692236,0.0004928192,0.91681504
0.11831383,0.0007259318,0.8809603
0.010234092,2.6885871e-05,0.989739
0.015984308,1.4605574e-05,0.98400104
0.011815788,2.3434774e-05,0.9881607
0.043033738,0.003640752,0.95332557
0.019195395,4.2816526e-05,0.9807618
0.01426911,7.625589e-05,0.98565465
0.020148778,1.2918078e-05,0.97983825
0.048071705,0.0005642004,0.9513641
0.05835464,0.00027455512,0.9413707
0.052952863,0.0006433093,0.9464038
0.048439343,0.0017238002,0.9498369
0.049757954,0.0015040288,0.94873804
0.26812726,0.0010303389,0.7308424
0.084063135,0.00490084,0.911036
0.27735054,0.021653544,0.700996
0.11879944,0.0011280483,0.8800725
0.19431701,0.0036874255,0.8019956
0.2942634,0.012484203,0.6932525
0.31228358,0.012946019,0.6747704
0.20918973,0.003535446,0.78727484
0.2988161,0.003645073,0.6975388
0.2548822,0.0049734935,0.7401444
0.3050433,0.004362829,0.6905939
0.12684491,0.005022936,0.8681321
0.20057335,0.016433593,0.782993
0.17165759,0.011986703,0.81635565
0.2093158,0.0040886495,0.7865955
0.18470627,0.004155961,0.81113774
0.034550853,0.0007906393,0.96465856
0.06309399,0.0007462288,0.93615973
0.10706316,0.001180604,0.89175624
0.08404845,0.0011525839,0.914799
0.37116966,0.004730254,0.6241001
0.16519865,0.00790942,0.82689196
0.095173255,0.00045548947,0.90437126
0.11498456,0.00024449348,0.88477093
