0.35607478,0.121306606,0.52261865
0.7016995,0.02687992,0.27142057
0.024105426,0.005055209,0.9708393
0.008390854,0.0013464629,0.9902626
0.008322671,0.0049897945,0.9866875
0.0014725848,2.1608785e-05,0.99850583
0.0014411657,9.596063e-05,0.9984629
0.0014411657,9.596063e-05,0.9984629
0.0017323955,8.9874346e-05,0.99817777
0.0017323955,8.9874346e-05,0.99817777
0.0019861488,7.229053e-05,0.99794155
0.0031241004,0.00026550176,0.99661034
0.7178161,0.04900147,0.23318243
0.002452494,0.00017209024,0.9973755
0.30550188,0.02042269,0.6740754
0.19345976,0.23742002,0.56912017
0.19345976,0.23742002,0.56912017
0.055174444,0.021334173,0.9234913
0.055174444,0.021334173,0.9234913
0.24102065,0.038522422,0.72045696
0.009000873,0.040586144,0.95041305
0.057334084,0.20332783,0.73933804
0.012005622,0.07183963,0.91615474
0.7138625,0.023118757,0.26301873
0.007443545,0.14719896,0.84535754
0.66752815,0.02265249,0.30981937
0.66640705,0.009669224,0.32392374
0.78096074,0.12913202,0.08990721
0.78096074,0.12913202,0.08990721
0.70687,0.22584,0.067289986
0.70687,0.22584,0.067289986
0.87127286,0.020244,0.108483166
0.2424861,0.032710016,0.7248039
0.6486239,0.055855636,0.29552045
0.67358613,0.0142882895,0.31212562
0.7674963,0.01544128,0.21706232
0.7674963,0.01544128,0.21706232
0.7373354,0.030111117,0.23255345
0.60762703,0.28441828,0.10795468
0.62894505,0.002264377,0.36879066
0.62894505,0.002264377,0.36879066
0.45289183,0.00061463576,0.5464936
0.5259397,0.00044316676,0.4736171
0.29187682,0.22151498,0.48660824
0.21790464,0.15750225,0.62459314
0.15723887,0.1832369,0.6595242
0.045898598,0.0039364034,0.95016503
0.3467566,0.13581583,0.51742756
0.032270968,0.0012335938,0.9664954
0.17817643,0.0031477246,0.8186759
0.7022473,0.009848375,0.2879043
0.6431997,0.08994519,0.26685515
0.510679,0.076173514,0.41314748
0.5792045,0.020802211,0.39999327
0.51712096,0.012754215,0.47012484
0.44199124,0.019006079,0.5390027
0.4906263,0.08526029,0.42411333
0.6645327,0.03939074,0.29607654
0.6666991,0.02739048,0.30591047
0.6198144,0.022225259,0.35796028
0.7690737,0.0032546588,0.22767156
0.22366674,0.6481403,0.12819293
0.38833794,0.014751029,0.596911
0.34917536,0.0034684862,0.64735615
0.5393933,0.13202462,0.32858205
0.6732014,0.021081325,0.30571726
0.31659922,0.009445238,0.67395556
0.40935737,0.037250802,0.55339175
0.7116652,0.24551441,0.042820383
0.88466066,0.050473113,0.06486617
0.674404,0.21592373,0.10967226
0.6979552,0.16369393,0.13835095
0.46859375,0.0767007,0.45470557
0.3599862,0.013102526,0.6269113
0.51024896,0.11856317,0.3711878
0.65412956,0.014992658,0.33087778
0.04840886,0.00011929759,0.95147187
0.661263,0.24895284,0.08978425
0.71465164,0.022082116,0.26326627
0.7379547,0.031417895,0.23062746
0.7379547,0.031417895,0.23062746
0.7978802,0.035506267,0.16661365
0.7978802,0.035506267,0.16661365
0.5766131,0.021044152,0.40234277
0.90442693,0.035843506,0.059729528
0.08336012,0.0003700834,0.91626984
0.32012156,0.0025126555,0.67736584
0.21725601,0.0073772976,0.7753667
0.52218723,0.0050668865,0.47274587
0.52218723,0.0050668865,0.47274587
0.7754288,0.02819118,0.19638005
0.5659296,0.029579999,0.40449038
0.5659296,0.029579999,0.40449038
0.18183373,0.00077373587,0.81739247
0.20101611,0.00081198657,0.79817194
0.3118159,0.0036918735,0.68449223
0.1526519,0.001146526,0.84620154
0.25056803,0.0040542535,0.7453778
0.23848377,0.0024207474,0.7590955
0.18144366,0.0027169592,0.81583947
0.5489932,0.0034216114,0.44758523
0.7755085,0.016190084,0.20830141
0.74322706,0.012864328,0.24390864
0.74322706,0.012864328,0.24390864
0.13784468,0.015036467,0.84711885
0.0826661,0.015117027,0.9022168
0.09246708,0.0074877585,0.9000452
0.04234076,0.006916604,0.95074254
0.7016995,0.02687992,0.27142057
0.0909896,0.011144072,0.8978663
0.0909896,0.011144072,0.8978663
0.2538494,0.5061692,0.23998134
0.18008633,0.67092794,0.14898576
0.0048700836,8.721979e-05,0.9950427
0.0048700836,8.721979e-05,0.9950427
0.026889196,0.001113204,0.9719977
0.026889196,0.001113204,0.9719977
0.024866719,0.0007593572,0.974374
0.03741374,0.0056647086,0.9569216
0.033236183,0.95610934,0.010654489
0.00021085938,0.99935764,0.00043154397
0.0026152586,0.9959196,0.001465122
0.0015608942,0.99750537,0.00093378255
0.001337264,0.9981275,0.00053526426
0.0015417248,0.9978109,0.0006473543
0.00041775647,0.99943143,0.00015076132
0.0009982401,0.99852055,0.00048119714
0.002364841,0.9969446,0.0006904991
0.0068838927,0.9918291,0.0012870468
0.000620287,0.99932504,5.47423e-05
0.0012755812,0.99712294,0.0016014681
0.0001683076,0.9997491,8.255647e-05
0.032812294,0.87108403,0.09610371
0.032371905,0.85062027,0.11700781
0.02408192,0.9522955,0.0236226
0.0393947,0.91481096,0.045794293
0.031153511,0.9186655,0.050180946
0.012814457,0.9785678,0.008617696
0.017310787,0.9662625,0.016426733
0.046824627,0.9322222,0.020953193
0.046731025,0.9091686,0.0441004
0.05939962,0.9021495,0.03845086
0.0022020452,0.99620444,0.0015935833
0.045130733,0.900276,0.054593198
0.016071457,0.9425758,0.041352678
0.063835695,0.80732,0.1288443
0.082449906,0.81597984,0.10157023
0.013488645,0.9549265,0.031584855
0.010673903,0.97976893,0.009557227
0.006326786,0.98107374,0.01259953
0.0065364023,0.96008927,0.033374313
0.004894598,0.97668207,0.018423352
0.0013671783,0.9922422,0.0063906102
0.0004892011,0.99897146,0.0005394023
0.005153535,0.98394173,0.010904783
0.010850951,0.9826836,0.006465397
0.019864809,0.96568066,0.014454505
0.042713415,0.88612485,0.07116175
0.036190808,0.8892484,0.07456084
0.016840132,0.9769703,0.006189537
0.0029533708,0.99622005,0.00082665053
0.008388915,0.9676251,0.023985943
0.00021085938,0.99935764,0.00043154397
0.0001683076,0.9997491,8.255647e-05
0.00015153167,0.9995308,0.00031770993
0.0022020452,0.99620444,0.0015935833
0.0004892011,0.99897146,0.0005394023
0.001574104,0.9928219,0.0056040436
0.00037098085,0.99925977,0.0003692189
0.0005520191,0.99869955,0.0007484184
0.0005150974,0.99773055,0.0017543174
0.00093731075,0.9964988,0.0025637865
0.0007889426,0.99574655,0.0034645295
0.00015153167,0.9995308,0.00031770993
0.00013784759,0.9996573,0.0002048313
0.0014601472,0.99737,0.0011698701
0.0018029279,0.99556655,0.0026304561
0.0007346629,0.9987161,0.000549249
0.0014601472,0.99737,0.0011698701
0.0013956993,0.99755365,0.0010506319
0.0006945012,0.99849653,0.00080896757
0.0006482469,0.9980149,0.0013368671
0.0026266165,0.994467,0.0029063236
0.03626136,0.9345848,0.02915382
0.019372115,0.97152823,0.009099603
0.021296596,0.9716913,0.007012108
0.0008520455,0.9986929,0.00045500102
0.030873217,0.95532113,0.013805698
0.084678374,0.88947153,0.025850115
0.07274112,0.910494,0.016764827
0.12148666,0.8288549,0.049658403
0.029182408,0.96420914,0.006608477
0.09163731,0.865046,0.043316673
0.09909887,0.87724674,0.023654351
0.020302886,0.97533345,0.0043636207
0.014154757,0.98118514,0.004660124
0.01087941,0.98370475,0.00541584
0.0069693923,0.9909525,0.0020780843
0.026301004,0.9558349,0.017864043
0.07525605,0.87111545,0.053628508
0.034686953,0.94928354,0.01602952
0.021761514,0.9678614,0.010377035
0.030839441,0.9458329,0.023327665
0.018779809,0.96591115,0.015309023
0.023114422,0.9716512,0.0052344017
0.012426195,0.9845138,0.0030600433
0.01658413,0.98016167,0.0032541275
0.034680575,0.9587364,0.0065829796
0.013106501,0.980027,0.0068664444
4.4174903e-05,0.9998746,8.122592e-05
2.7641776e-05,0.9999591,1.3216053e-05
8.77538e-05,0.9997552,0.0001570117
0.0031654837,0.994371,0.0024635408
0.0002754777,0.9993723,0.00035219226
0.0010851835,0.9922139,0.006700893
0.00083399296,0.997152,0.0020140053
0.0010537141,0.9963601,0.002586165
0.0002624335,0.9989754,0.00076219963
8.1734346e-05,0.99962294,0.0002953258
0.07076312,0.68944204,0.23979484
0.00014594794,0.99933225,0.0005217483
8.867941e-05,0.99978215,0.00012917724
0.0023954662,0.9829044,0.014700168
0.00014258055,0.99906856,0.00078892487
0.00030581185,0.9982822,0.001411959
8.277114e-05,0.99985504,6.216333e-05
8.7722605e-05,0.9998536,5.862653e-05
6.4866814e-05,0.99985385,8.124771e-05
0.00016778482,0.99965084,0.00018141052
5.6383957e-05,0.9998715,7.215538e-05
0.026624097,0.9414601,0.031915843
0.0012553382,0.99360704,0.0051376377
0.00087876414,0.9985057,0.00061557203
0.00066647684,0.9987562,0.00057736406
0.0010750071,0.99825853,0.0006664555
0.004724586,0.9826565,0.01261899
0.0051514115,0.9854532,0.00939543
0.0037867,0.9828137,0.013399562
0.001630978,0.98660827,0.011760728
0.0010373923,0.98830634,0.010656199
0.0027217674,0.98514855,0.012129644
0.0012587735,0.9956636,0.0030777105
0.0013381074,0.997884,0.00077791023
7.649086e-05,0.9997205,0.00020297278
0.0004680464,0.9969771,0.002554895
0.0017219007,0.9912929,0.0069852397
0.0008208315,0.9980584,0.0011207813
0.00074451516,0.99722433,0.0020312346
0.00040570548,0.99874014,0.0008541995
0.0010400395,0.99317545,0.005784521
9.7237134e-05,0.999705,0.00019777137
6.652546e-05,0.9998016,0.00013194622
9.78306e-05,0.9996834,0.0002187588
0.00014511502,0.99976665,8.820974e-05
0.00017091662,0.9989009,0.0009281687
0.0002064544,0.99737966,0.002413859
0.0015380513,0.98670214,0.01175984
0.0019438014,0.9757568,0.022299316
0.0010734026,0.99496776,0.00395878
0.0009627253,0.9980318,0.0010054589
0.0007544283,0.9984334,0.00081213587
0.00018282881,0.99914384,0.0006733158
0.0006211777,0.9990988,0.00028012425
0.0030567616,0.995983,0.00096025434
0.0009778247,0.99875,0.00027219765
0.0023838358,0.99682164,0.0007944865
0.0006518146,0.99883586,0.0005123524
0.00025467054,0.9995409,0.00020448213
0.00048581598,0.9990125,0.00050171424
0.0032940481,0.97950226,0.01720372
0.004798861,0.9774359,0.017765263
0.0022590014,0.98846006,0.009280874
0.00011922753,0.99919385,0.0006869202
0.00039394852,0.9982395,0.0013665339
0.00021781359,0.99866915,0.0011130386
0.0030394727,0.995906,0.0010544544
0.0010615478,0.99410087,0.004837515
0.0009587646,0.99487793,0.0041632694
7.215524e-05,0.9997999,0.00012794929
0.00039830603,0.9970667,0.002535081
0.0016232374,0.9936469,0.004729755
0.00094938854,0.9953413,0.0037092853
0.0014307705,0.9948555,0.0037137188
0.00024812447,0.9993568,0.00039501657
0.0018344405,0.99008465,0.008080869
0.0009513027,0.9906144,0.008434286
0.0026740315,0.9959727,0.0013533129
0.0012013738,0.99599814,0.0028004423
0.004186785,0.98849046,0.0073226993
0.0035280893,0.9806938,0.015778111
0.0024818955,0.9830997,0.014418431
0.0051878877,0.98309857,0.011713528
0.0018522587,0.9954755,0.00267222
0.0038379293,0.9932528,0.002909292
0.003650589,0.9924551,0.0038942844
0.00077815575,0.99735355,0.001868299
0.031798195,0.9442367,0.023965184
0.0012829618,0.99842536,0.00029175018
0.1462032,0.7776932,0.07610361
0.3611918,0.15034977,0.48845848
0.0010622995,0.99828607,0.00065161585
0.0020084472,0.99668056,0.0013109505
0.022363365,0.97268766,0.004948979
0.018266529,0.97588503,0.0058484403
0.001964311,0.99691474,0.0011209135
0.000648132,0.9990821,0.000269748
0.0006061068,0.9991474,0.00024646588
0.0006792868,0.9975961,0.0017246605
0.003665487,0.98958814,0.006746422
0.00084589806,0.99541736,0.0037367097
0.0008215311,0.99682534,0.0023531031
0.0015165521,0.9946622,0.0038212915
0.005591387,0.9347225,0.05968609
0.017635297,0.9040986,0.078266196
0.019231131,0.92711574,0.053653106
0.03144951,0.82335263,0.1451979
0.023458684,0.92941976,0.047121532
0.042517345,0.86935914,0.088123485
0.011578491,0.975042,0.0133795375
0.07315855,0.7096573,0.21718411
0.0060935384,0.97623664,0.017669827
0.0044612,0.9892699,0.0062689637
0.008590391,0.9787379,0.012671644
0.0074284305,0.9829395,0.0096320445
0.0020516284,0.99686426,0.001084082
0.0030060092,0.9943183,0.002675721
0.0008261105,0.99726105,0.0019128355
0.00056710566,0.99729544,0.0021374032
0.009054634,0.976234,0.014711356
0.012882474,0.95695543,0.030162092
0.0001496466,0.98860395,0.011246383
0.025084767,0.87952596,0.09538925
0.026013553,0.8679226,0.10606388
0.017836792,0.86843735,0.11372583
0.0033461133,0.9709292,0.025724716
0.0035639284,0.98951066,0.006925476
0.0029964945,0.9934976,0.0035058702
0.0027149003,0.9950896,0.0021954922
0.0029979646,0.99409276,0.0029092778
0.002030552,0.99375486,0.0042145615
0.0009569797,0.9973508,0.0016921668
0.009037816,0.9869075,0.004054758
0.03539865,0.9409814,0.023619972
0.0007765526,0.9969855,0.002238015
0.0011861783,0.9965888,0.0022249806
0.0027883202,0.99288684,0.0043248045
0.0031837786,0.9913419,0.005474396
0.0051245512,0.98873967,0.0061357003
0.0033434608,0.99263555,0.004020977
0.0033784236,0.9948689,0.0017526613
0.0023187916,0.9938018,0.0038794067
0.0034639658,0.9928306,0.0037054354
0.009849027,0.98405254,0.006098385
0.08054487,0.8176723,0.10178287
0.010951229,0.9808328,0.008215898
0.0058070566,0.9878164,0.0063765077
0.0035733557,0.9922213,0.0042053256
0.0057593253,0.98760647,0.006634169
0.0016918164,0.9953353,0.002972857
0.0030854663,0.9890456,0.0078689335
0.0029922095,0.9903868,0.0066210274
0.0021895817,0.9933188,0.0044916803
0.0019003833,0.9934722,0.004627447
0.0020496512,0.99266833,0.0052820495
0.060729194,0.8551434,0.084127404
0.0021563065,0.992945,0.004898669
0.0014768417,0.994197,0.0043261545
0.0016485257,0.9943562,0.003995199
0.038423054,0.92642105,0.03515594
0.021316508,0.9673951,0.0112883635
0.0063102404,0.97602105,0.01766878
0.00013656027,0.9901253,0.009738136
0.0001494394,0.99868554,0.001165011
0.00036646647,0.9954099,0.0042236587
0.0001613934,0.9978592,0.0019793832
0.05643679,0.8151759,0.12838733
7.143917e-05,0.99889815,0.0010303538
6.76328e-05,0.9985649,0.0013675343
0.00013350027,0.99865025,0.0012162592
0.0002159672,0.99758244,0.0022016114
6.531413e-05,0.9994136,0.0005210941
0.0002745216,0.99840564,0.0013198784
0.00026666044,0.99878937,0.0009440042
0.0003628022,0.9985061,0.0011310008
0.00037247367,0.99916303,0.0004644758
0.00019067692,0.9993011,0.0005082774
0.044510044,0.88093615,0.074553825
0.00024568607,0.99927515,0.00047917012
4.829891e-05,0.9991222,0.0008294487
0.00014933503,0.9974021,0.002448652
0.00011250152,0.9978934,0.0019941789
0.00011099633,0.99911624,0.00077273406
0.00010159397,0.9991491,0.0007493232
9.577366e-05,0.9997273,0.00017685092
0.00033631752,0.9980704,0.0015932692
0.00019728261,0.99952996,0.0002727924
0.00022368024,0.99933785,0.00043849376
0.041753355,0.9113672,0.046879448
0.00011164415,0.99980456,8.38061e-05
0.00046693836,0.9986297,0.00090344413
0.027842702,0.9662822,0.0058750673
0.031479314,0.95391,0.0146106975
0.043857362,0.9485369,0.0076057697
0.09988397,0.7949801,0.1051359
0.0020577388,0.9951681,0.0027742025
0.0069744205,0.9897155,0.0033100294
0.019262549,0.9731852,0.007552315
0.020135663,0.97510207,0.004762317
0.2901188,0.3531284,0.3567528
0.0035113934,0.9926824,0.0038061822
0.0006302524,0.9986946,0.0006752194
0.00094006566,0.9980652,0.0009947473
0.0019106761,0.99563235,0.002456924
0.0014355822,0.997332,0.0012325023
0.006106549,0.9735344,0.020359064
0.025694698,0.9370918,0.037213475
0.0040717227,0.98915744,0.006770886
0.0038866154,0.9842712,0.011842203
0.010914667,0.9522139,0.03687144
0.073181935,0.8922346,0.034583487
0.008058375,0.9640898,0.027851796
0.010778438,0.93495405,0.054267522
0.019098788,0.8854459,0.09545532
0.0037594452,0.984056,0.012184517
0.00079180475,0.9969349,0.0022732678
0.00080919487,0.9976071,0.0015836303
0.0013859577,0.99368685,0.0049271677
0.003610981,0.99240595,0.003983019
0.0017451671,0.9915733,0.006681515
0.0008529905,0.99674976,0.0023972269
0.042551648,0.9417575,0.015690861
0.008132783,0.88904953,0.10281774
0.00049260014,0.99817395,0.0013334356
0.0006625705,0.99866426,0.0006731922
0.0017774012,0.9977324,0.00049021293
0.0035128521,0.9950747,0.0014124201
0.005446695,0.9929638,0.0015894693
0.0016525602,0.9979235,0.00042390652
0.011154475,0.9827796,0.0060659014
0.01945709,0.9747755,0.005767417
0.0022560984,0.9973864,0.0003574603
0.042020883,0.9355775,0.022401597
0.0028744936,0.99615484,0.0009706436
0.0027305677,0.9968742,0.0003951731
0.0010309514,0.99853086,0.00043813573
0.0026639919,0.99681807,0.00051795057
0.004134078,0.9949982,0.0008677534
0.009371365,0.9891747,0.00145394
0.006470172,0.9924509,0.0010789263
0.0044609923,0.9943949,0.0011441403
0.008407125,0.9893265,0.0022664259
0.012521375,0.98400325,0.0034753976
0.02210108,0.9642989,0.013599998
0.02708,0.96387523,0.009044775
0.019658979,0.97031206,0.0100289
0.031051086,0.95548815,0.013460785
0.0077358102,0.9910987,0.0011654353
0.0050795763,0.99156463,0.0033558353
0.0036170767,0.9935135,0.0028694335
0.0057493164,0.9923275,0.0019231046
0.0138503555,0.98289305,0.0032565864
0.019835167,0.97507167,0.005093178
0.03378841,0.95945793,0.0067536295
0.046172313,0.9361123,0.017715434
0.01006322,0.9878731,0.0020637135
0.047468353,0.90246356,0.05006808
0.021405194,0.96282744,0.015767328
0.027383225,0.96529704,0.0073197423
0.052835055,0.94160473,0.0055602095
0.10277046,0.83791846,0.059311073
0.19007106,0.016457833,0.7934711
0.14330147,0.015942499,0.84075594
0.06002424,0.005085794,0.93489
0.11043905,0.0053966423,0.88416433
0.26714534,0.23152445,0.50133014
0.04795448,0.94153994,0.010505579
0.2243824,0.082501344,0.69311625
0.34864062,0.15387607,0.49748334
0.52632904,0.09850248,0.37516844
0.5097733,0.374808,0.115418695
0.4762575,0.049014527,0.474728
0.4818823,0.020499054,0.49761862
0.74049896,0.033078525,0.22642246
0.25141004,0.62888384,0.11970615
0.25394183,0.6261377,0.11992054
0.16577762,0.7537069,0.080515504
0.022777867,0.97159326,0.005628916
0.24991246,0.6537319,0.096355684
0.17211723,0.721172,0.10671084
0.14444128,0.81297773,0.042581007
0.05473145,0.9229025,0.022366
0.070555635,0.8840871,0.045357335
0.047918484,0.92106867,0.031012822
0.04899233,0.9287479,0.02225973
0.07247891,0.8169847,0.11053638
0.10089778,0.786854,0.11224817
0.13777208,0.7640828,0.098145165
0.0021564332,0.9921665,0.0056770365
0.00013574866,0.9985511,0.0013131647
1.8215118e-05,0.99984837,0.00013345359
4.8138972e-05,0.99972934,0.00022251849
7.281366e-05,0.9997292,0.00019796807
6.2413004e-05,0.99931645,0.0006211347
0.0007329476,0.98988706,0.0093799485
0.00017263606,0.9971801,0.0026472658
0.00010593166,0.9983889,0.0015052272
2.989791e-05,0.9995869,0.00038327122
0.00028469405,0.9986129,0.0011024363
0.002111175,0.9953465,0.0025423889
0.00083645195,0.9952667,0.0038968364
8.255119e-05,0.99962604,0.0002913432
5.974722e-05,0.99950004,0.00044015716
0.000514483,0.99863213,0.000853341
0.002968255,0.98878026,0.008251497
0.001258382,0.9962442,0.0024974416
0.0005359074,0.9980186,0.0014454938
0.00083212653,0.99727243,0.0018954382
0.0031731813,0.99281585,0.0040110075
0.00048414952,0.99928683,0.00022907606
0.0016817198,0.9968081,0.001510092
0.0014899008,0.9944899,0.0040202024
0.0003230527,0.99922943,0.00044749904
0.0025431544,0.95164144,0.045815453
0.0019437274,0.9610975,0.036958743
0.00079334097,0.99666107,0.0025455572
0.0013179901,0.9932908,0.0053911605
0.012208347,0.9478878,0.03990386
0.0031200547,0.97934693,0.017532952
0.0009374961,0.9944068,0.004655706
0.0036498248,0.95065475,0.045695398
0.0056392485,0.9881783,0.00618247
0.002799318,0.95122266,0.045978088
0.0009065376,0.99597067,0.0031227502
0.0009540764,0.99588615,0.0031597605
0.00095503865,0.9946523,0.0043926956
0.0009588191,0.98822427,0.010816888
0.001686257,0.99714535,0.0011683591
0.0019742767,0.9968172,0.0012086249
0.0005421798,0.99896276,0.0004950027
0.001634065,0.99785334,0.0005125408
0.0011143197,0.9964864,0.0023993
0.00823989,0.98174447,0.01001566
0.003132238,0.98747534,0.00939241
0.002065002,0.99584526,0.002089786
0.004700583,0.9913578,0.003941578
0.00625346,0.35584563,0.63790095
0.0023454714,0.7142879,0.28336665
0.004742702,0.63611436,0.35914296
0.0057374453,0.6436761,0.3505864
0.0017491562,0.97998285,0.018267954
0.0011749183,0.98138016,0.0174449
0.00050210604,0.99491936,0.0045785294
0.0135977985,0.96758276,0.018819353
0.001517642,0.9841151,0.014367286
0.0010555679,0.9947595,0.0041849134
0.00083053845,0.97829866,0.020870788
0.00057068386,0.9765291,0.022900186
0.0023705165,0.98941565,0.008213839
0.0017881012,0.98988533,0.008326608
0.0050202436,0.98614675,0.008833061
0.0016775896,0.98695976,0.011362687
0.00417145,0.9918582,0.003970343
0.0019720772,0.9870199,0.011007989
0.01986777,0.96581715,0.014315102
0.0028126638,0.98060167,0.01658572
0.0056943195,0.9475059,0.046799738
0.0069253705,0.87010074,0.12297395
0.00077640335,0.99219596,0.0070276754
0.0011039751,0.9858175,0.0130785415
0.0013051864,0.9756679,0.023026945
0.0002743732,0.99839705,0.0013285175
0.0002740988,0.9975936,0.0021323436
0.022411967,0.95993245,0.01765561
0.014797853,0.9798906,0.005311567
0.009072087,0.98583984,0.0050880653
0.009311777,0.9713163,0.019371888
0.012219365,0.98262364,0.0051570344
0.0073869885,0.9917739,0.00083907385
0.0040571643,0.995165,0.0007778909
0.00352409,0.99588794,0.0005880304
0.003935893,0.9956552,0.00040895087
0.0046508494,0.9944349,0.00091430696
0.0004877713,0.99946016,5.2104504e-05
0.00038957654,0.9995493,6.109574e-05
0.004285809,0.9931022,0.0026120343
0.00122651,0.9978497,0.00092374324
0.018146861,0.96419394,0.017659204
0.0032515053,0.9951885,0.0015600165
0.003442922,0.99577713,0.0007799647
0.008190396,0.983906,0.00790369
0.00076800556,0.99813133,0.0011006402
0.000998013,0.99798644,0.0010155815
8.246432e-05,0.9998282,8.934053e-05
0.00014924581,0.99980134,4.9492617e-05
0.027393749,0.8882002,0.08440606
0.001314098,0.9968726,0.0018133408
0.0003378587,0.99955076,0.00011141683
0.013138949,0.9772298,0.009631211
6.1938976e-05,0.99992526,1.28303745e-05
0.00022272216,0.99972874,4.848796e-05
0.0005013668,0.999298,0.00020058487
0.0004850285,0.99927586,0.00023908458
0.0002600581,0.9996947,4.5288358e-05
0.0020238678,0.9972084,0.0007676892
0.0047116647,0.9929381,0.002350229
0.00078552373,0.99895394,0.00026046956
0.006932239,0.97482115,0.018246572
0.018159753,0.9581837,0.023656566
0.010123336,0.984037,0.005839675
0.024434356,0.937393,0.038172685
0.01253138,0.9800862,0.0073823757
0.00083251833,0.9981146,0.001052859
0.006069272,0.992488,0.0014427656
0.020541018,0.96021885,0.019240106
0.010194585,0.9813053,0.008500146
0.008611265,0.98602146,0.005367264
0.010429021,0.98730755,0.0022634256
0.014974041,0.96831334,0.016712599
0.03880733,0.92383635,0.037356243
0.0051086224,0.99277,0.0021213738
0.01731778,0.9729926,0.009689589
0.010617934,0.9813099,0.008072196
0.0068108975,0.9908598,0.0023293435
0.014054552,0.96209764,0.023847891
0.020085242,0.96440005,0.0155147435
0.01474943,0.97743326,0.00781734
0.010142695,0.9827619,0.0070954105
0.012961707,0.97850376,0.008534482
0.011757536,0.9770951,0.011147279
0.0140958475,0.9743343,0.011569811
0.008951226,0.9866917,0.004357053
0.016010417,0.97103006,0.012959543
0.030968593,0.96193993,0.0070914524
0.010478747,0.98539877,0.004122497
0.013290136,0.97686905,0.009840792
0.007252601,0.9894553,0.0032920984
0.026723608,0.9603336,0.012942852
0.009037816,0.9869075,0.004054758
0.018872252,0.9719204,0.009207355
0.02210108,0.9642989,0.013599998
0.024434697,0.9574261,0.018139208
0.024134891,0.9555092,0.020355886
0.01986777,0.96581715,0.014315102
0.027989184,0.9498587,0.022152126
0.035942953,0.9413571,0.022700004
0.026723608,0.9603336,0.012942852
0.020991184,0.9687626,0.010246312
0.037855,0.93255484,0.0295901
0.02717263,0.9480581,0.024769291
0.037855,0.93255484,0.0295901
0.043522704,0.9158491,0.040628172
0.026624097,0.9414601,0.031915843
0.017171662,0.96268886,0.0201395
0.015934104,0.9568508,0.027215095
0.011992279,0.9585447,0.029462993
0.017403236,0.93241537,0.05018141
0.030388664,0.8910278,0.078583516
0.0016694736,0.9967506,0.0015799304
0.0006482469,0.9980149,0.0013368671
0.006241487,0.9850189,0.008739634
0.0065646493,0.97136354,0.022071777
0.0012849518,0.9950663,0.0036486841
0.00095445884,0.9965011,0.002544407
0.00022117373,0.99915063,0.00062823715
8.338943e-05,0.9993285,0.0005880968
0.0008960135,0.9945074,0.004596652
0.0004256193,0.99840826,0.0011661941
0.0009147527,0.9978231,0.0012621674
0.00040885535,0.99949205,9.9051525e-05
0.0026266165,0.994467,0.0029063236
0.0002752953,0.99964714,7.760501e-05
0.00033372818,0.9995141,0.00015222713
0.00059467356,0.99908864,0.0003166811
0.00045172346,0.99922013,0.0003281883
0.0003929738,0.9994205,0.00018647182
0.0003079993,0.9995517,0.00014026875
0.00028375137,0.999645,7.12888e-05
0.00031766863,0.99955827,0.00012403524
0.0005290323,0.99919957,0.0002713752
0.00117651,0.99820983,0.0006136373
0.068386175,0.00933472,0.9222791
0.123896256,0.0038417915,0.8722619
0.03187614,5.8434147e-05,0.9680655
0.06886853,0.00088041305,0.93025106
0.053954307,0.00015748972,0.94588816
0.013198708,0.00010775534,0.98669356
0.02151042,0.00063585414,0.9778537
0.03507295,0.000110692614,0.96481645
0.019858714,0.00028914266,0.9798522
0.032634623,0.00014979785,0.96721566
0.02143703,0.00011363553,0.9784493
0.034638204,6.568774e-05,0.96529603
0.040835183,0.0019045863,0.9572602
0.05746862,3.4975983e-05,0.9424965
0.024730548,0.0002240679,0.9750454
0.0598994,0.30239415,0.6377065
0.06785707,0.096287504,0.8358554
0.025049683,0.3537797,0.6211706
0.029125,0.11279744,0.85807765
0.13844042,0.5964907,0.26506898
0.06175344,0.06820764,0.8700389
0.048952308,0.01378317,0.9372645
0.06853011,0.08247183,0.84899807
0.023047416,0.001697771,0.9752549
0.0720477,0.036900066,0.89105225
0.14587513,0.042711794,0.81141305
0.031592894,0.061058257,0.9073489
0.11113344,0.10792224,0.78094435
0.12102742,0.021740768,0.8572318
0.073466256,0.011355403,0.91517836
0.23455498,0.0610854,0.7043596
0.14748472,0.07387736,0.7786379
0.07626717,0.21930392,0.7044289
0.07163482,0.07604798,0.85231715
0.12272581,0.040174536,0.8370996
0.016593905,0.013068333,0.9703378
0.3158642,0.01736778,0.66676795
0.57645005,0.06593529,0.35761467
0.49797395,0.03219486,0.46983117
0.5048298,0.04933428,0.44583598
0.11688531,0.0070781433,0.8760365
0.08578144,0.0065605333,0.907658
0.06439664,0.0014285542,0.93417484
0.07305936,0.0025561703,0.9243845
0.2143482,0.018465472,0.76718634
0.029327301,0.0021453854,0.9685272
0.13355207,0.0037404974,0.86270744
0.096144944,0.0024563423,0.9013988
0.108957484,0.0027123059,0.8883302
0.13263135,0.00432434,0.86304426
0.11230692,0.0008287303,0.88686436
0.121177785,0.0009647327,0.87785745
0.3365735,0.007288856,0.6561376
0.23375413,0.01569109,0.7505548
0.11420161,0.005549374,0.8802491
0.108945325,0.004310291,0.88674444
0.043139078,0.002347337,0.95451355
0.097239144,0.01853889,0.88422203
0.112726696,0.014939282,0.87233406
0.12504597,0.022011077,0.8529429
0.16287984,0.0060315034,0.8310887
0.22650222,0.024901569,0.74859613
0.07971517,0.0015979783,0.91868687
0.085093856,0.005349824,0.9095563
0.26829514,0.036698353,0.6950065
0.007386295,0.00015794825,0.9924557
0.012974078,0.011920191,0.9751057
0.10270553,0.0078087253,0.8894857
0.011198271,0.0013142945,0.98748744
0.022241851,0.0048230477,0.97293514
0.008506636,0.0020270383,0.98946625
0.00096475513,0.00028790746,0.99874735
0.0025715795,0.00033879295,0.9970897
0.0014780456,5.150135e-05,0.99847037
0.0033443943,5.973632e-05,0.9965958
0.009019905,0.00013647102,0.99084365
0.04873645,0.0009449612,0.95031863
0.071850814,0.012571579,0.9155776
0.12862417,0.0061977836,0.86517805
0.05333115,0.027418008,0.9192507
0.058355913,0.008784387,0.9328598
0.046029836,0.0036222504,0.9503479
0.07073531,0.002104563,0.9271602
0.124850154,0.029185113,0.8459648
0.17266609,0.029434862,0.79789907
0.18937047,0.025403393,0.7852261
0.23013842,0.02489884,0.7449627
0.22630745,0.043902192,0.7297903
0.13193098,0.018388743,0.8496803
0.18450485,0.0102011515,0.805294
0.07946508,0.0035213938,0.9170135
0.07653117,0.004057925,0.91941094
0.2533858,0.1222528,0.62436134
0.22364394,0.017223919,0.7591321
0.14181437,0.0020891416,0.8560965
0.105812475,0.08894809,0.8052394
0.20106953,0.020840632,0.7780899
0.1068421,0.062379237,0.83077866
0.353864,0.016064234,0.6300717
0.33371896,0.0904989,0.5757822
0.17390071,0.008323854,0.81777537
0.047071118,0.0008085722,0.95212024
0.046601858,0.0012714353,0.9521266
0.25702506,0.017950958,0.725024
0.07580839,0.0013285913,0.922863
0.005896511,0.001700887,0.9924027
0.0058465814,0.000963719,0.99318963
0.0063811503,0.0011194708,0.9924993
0.011077495,0.00033038663,0.9885922
0.005606939,0.00016058706,0.9942325
0.004068802,0.00096597656,0.99496526
0.027842706,0.0013645136,0.97079283
0.36368516,0.016768774,0.61954606
0.46831408,0.013295213,0.5183908
0.4076044,0.012935677,0.5794599
0.64779705,0.031882796,0.32032016
0.12072815,0.0020549605,0.87721694
0.47028404,0.012616782,0.51709914
0.6028417,0.017222038,0.37993625
0.01975199,0.0001682688,0.9800798
0.05133117,0.00071694824,0.947952
0.07772596,0.0005519631,0.9217222
0.067460634,0.0012168853,0.9313225
0.11847776,0.07582583,0.8056964
0.026424162,0.0011237282,0.9724521
0.0057226364,0.0004788843,0.99379843
0.00465468,0.00034383457,0.9950015
0.00429056,0.00019421085,0.9955153
0.0043407986,0.00014257559,0.9955167
0.0037224754,0.00025760633,0.9960199
0.0057894015,0.000171562,0.99403906
0.0060189487,0.00032683456,0.99365425
0.007809702,0.00033291295,0.99185735
0.004675012,0.0007224885,0.9946024
0.0546313,0.0055527515,0.93981594
0.015003589,0.050880697,0.93411577
0.003969903,0.0011652774,0.99486476
0.0047647753,0.002982909,0.9922523
0.0034580196,0.035614487,0.96092755
0.0033909995,0.05100321,0.9456058
0.0056544454,0.032257624,0.9620879
0.004854257,0.011485338,0.98366046
0.0029074065,0.009713561,0.987379
0.01154697,0.01898678,0.9694662
0.0073747756,0.06261815,0.9300071
0.068630606,0.014277326,0.917092
0.2617783,0.120151915,0.61806977
0.0741293,0.0053177765,0.92055285
0.03235226,0.008279386,0.9593684
0.031915866,0.003773112,0.964311
0.0552598,0.0014909118,0.9432492
0.06264424,0.0022773633,0.9350784
0.08034947,0.004077112,0.9155734
0.04607319,0.001298932,0.9526279
0.03652434,0.0016090721,0.9618666
0.024936056,0.00083140837,0.97423255
0.071325436,0.044670373,0.8840042
0.016698027,0.0012135104,0.9820885
0.048645373,0.006114113,0.94524056
0.03921661,0.005458969,0.9553244
0.1880962,0.04541622,0.7664876
0.0038878028,0.005910624,0.99020153
0.0027352718,0.006970431,0.99029434
0.0019553371,0.009792508,0.9882521
0.010975202,0.0054513207,0.9835735
0.0016127639,0.0022289148,0.9961583
0.0005209347,0.0005108543,0.99896824
0.5160407,0.19332866,0.2906307
0.00032368873,0.0004150086,0.9992613
0.0004192038,0.00036853686,0.99921227
0.00078041037,0.0006895581,0.99853003
0.00043181633,0.00064929423,0.9989189
0.015867641,4.490912e-05,0.9840874
0.018284515,0.00027839126,0.9814371
0.018425701,0.0005585923,0.9810158
0.043187868,0.00017944115,0.9566326
0.07102591,0.00015500224,0.92881906
0.071230195,0.0009663747,0.92780346
0.27019823,0.11262254,0.6171792
0.02541748,0.00022033375,0.97436213
0.021889212,9.777526e-05,0.978013
0.014342616,3.9593226e-05,0.9856178
0.021317435,5.844199e-05,0.97862405
0.05004676,0.0013234046,0.9486298
0.033997063,5.8247882e-05,0.96594465
0.10923917,0.0015722883,0.8891885
0.072612494,0.00025738802,0.92713004
0.10955625,0.0023840882,0.8880597
0.076964654,0.0017512726,0.921284
0.17215301,0.013398153,0.81444883
0.008670381,0.0030550743,0.9882746
0.00254765,0.000118939286,0.9973335
0.001548817,8.8567685e-05,0.9983626
0.0016877209,0.0009602259,0.9973521
0.00541228,0.002151202,0.99243647
0.009411252,0.0046933726,0.98589534
0.003136547,0.0031631317,0.9937004
0.009570644,0.003970998,0.9864585
0.002672708,0.0013956276,0.9959317
0.2840942,0.020676047,0.6952298
0.1662962,0.011583779,0.82211995
0.05594152,0.13975562,0.8043029
0.041152917,0.071593225,0.88725394
0.07259585,0.13229792,0.79510623
0.23849547,0.07054742,0.6909571
0.1983969,0.08450674,0.7170963
0.15447825,0.089385875,0.7561359
0.082497805,0.024035318,0.89346683
0.07871711,0.010438256,0.9108447
0.15561698,0.007097228,0.83728576
0.116579756,0.053837,0.8295832
0.08500765,0.005872585,0.90911984
0.088486895,0.010266004,0.9012471
0.032974478,0.1390824,0.82794315
0.009896348,0.024386967,0.96571666
0.009177429,0.013313496,0.97750914
0.0070726546,0.61017233,0.38275504
0.061124466,0.36992398,0.5689515
0.029164629,0.020600462,0.950235
0.09497062,0.06658162,0.8384478
0.060580768,0.019135822,0.9202833
0.33962524,0.03971714,0.6206576
0.06357957,0.011143349,0.92527705
0.070729315,0.0032756256,0.9259951
0.32483023,0.044337306,0.6308325
0.24325827,0.083928235,0.6728136
0.22648878,0.23651184,0.5369994
0.20552613,0.06633644,0.72813743
0.33959174,0.13522969,0.52517855
0.22900277,0.04234921,0.728648
0.23710576,0.06505133,0.69784296
0.19907328,0.0069449604,0.7939818
0.17855908,0.049914256,0.77152663
0.11077665,0.033066634,0.8561567
0.3038514,0.1266221,0.56952643
0.1367114,0.020944547,0.84234405
0.15525496,0.013256941,0.8314881
0.22705413,0.013197993,0.75974786
0.016472545,0.0013263293,0.98220104
0.01144471,0.00044497475,0.9881103
0.0094203185,0.00029708573,0.99028254
0.0057745385,0.0003901296,0.99383533
0.0032479174,2.506195e-05,0.996727
0.0037972883,0.00044977368,0.99575293
0.004115208,0.0003029473,0.9955818
0.30131778,0.17200623,0.52667606
0.004482685,0.00038474213,0.9951326
0.010940965,0.003080945,0.9859781
0.007454689,5.6735567e-05,0.9924885
0.005360725,6.365562e-05,0.9945756
0.09733031,0.011858618,0.89081115
0.19236502,0.022656629,0.7849784
0.37118575,0.027714314,0.60109997
0.4048444,0.058072362,0.53708327
0.38414046,0.08035684,0.5355026
0.2880405,0.05308794,0.6588716
0.47735322,0.17803815,0.34460863
0.26803404,0.05026339,0.6817026
0.3268375,0.07452539,0.5986371
0.092479885,0.007538255,0.8999819
0.08974605,0.008278413,0.9019756
0.047591053,0.0063813785,0.9460276
0.14798357,0.0070100073,0.84500647
0.44505796,0.13474488,0.42019722
0.4704357,0.1275494,0.4020149
0.31999093,0.045770723,0.63423836
0.17481598,0.0712431,0.75394094
0.31705955,0.12608662,0.5568539
0.24817285,0.035146996,0.71668017
0.09765669,0.018203627,0.8841396
0.1118745,0.029159077,0.85896635
0.15943424,0.1356101,0.7049557
0.0104450295,0.01622565,0.97332937
0.01387009,0.32794446,0.6581855
0.010853714,0.42937264,0.5597736
0.007370931,0.523945,0.4686841
0.015086074,0.9227872,0.062126707
0.045122713,0.7799914,0.17488581
0.24950843,0.005802551,0.74468905
0.0030262896,0.03367852,0.9632951
0.0034109852,0.0033986252,0.99319035
0.0095321145,0.02973855,0.9607293
0.004009326,0.122148655,0.873842
0.0072414735,0.04243984,0.95031863
0.40719622,0.026844313,0.5659595
0.4785457,0.03685969,0.4845946
0.4923985,0.05503449,0.45256707
0.12073583,0.008091812,0.8711723
0.13238153,0.0019098803,0.8657085
0.21535757,0.008047088,0.77659535
0.1687303,0.0019405117,0.82932913
0.14855379,0.002247331,0.8491989
0.14226925,0.002599807,0.855131
0.08858791,0.001974715,0.9094373
0.12712528,0.0020871947,0.8707875
0.20379446,0.0067530335,0.7894525
0.2820861,0.012618132,0.70529574
0.23637536,0.0060187816,0.75760585
0.23524629,0.005686495,0.7590672
0.24344663,0.008001472,0.7485519
0.018830357,0.0031644916,0.9780051
0.22927937,0.02549144,0.74522924
0.37785947,0.006271381,0.61586916
0.23552556,0.0062078014,0.7582666
0.24508291,0.021492688,0.73342437
0.24808532,0.013126114,0.73878855
0.21906538,0.00438107,0.7765536
0.2487925,0.010439526,0.740768
0.30222684,0.08726861,0.61050457
0.18872207,0.015973933,0.795304
0.24918129,0.0072282227,0.7435905
0.5547578,0.05298369,0.39225858
0.20639364,0.009077883,0.78452843
0.34709984,0.017801927,0.6350983
0.28579512,0.01587043,0.6983344
0.25286078,0.013052219,0.734087
0.4053428,0.03541831,0.5592389
0.13531344,0.089784466,0.7749021
0.26736924,0.085621715,0.647009
0.19839483,0.037500422,0.76410466
0.055757347,0.011988735,0.9322539
0.042557035,0.0051642167,0.95227873
0.022891795,0.00115468,0.97595346
0.028666006,0.0018491352,0.9694848
0.030238336,0.00081534986,0.9689463
0.06887873,0.002159883,0.9289614
0.07886991,0.0014766072,0.9196535
0.05589351,0.0017025821,0.942404
0.11710664,0.011415122,0.8714782
0.032726802,0.002501317,0.9647718
0.015540514,0.0026190092,0.98184055
0.03459757,0.011917678,0.9534847
0.40893587,0.04054408,0.55052006
0.1570374,0.10356929,0.7393933
0.019746004,0.0016247826,0.97862923
0.25055632,0.0011148741,0.74832875
0.67097276,0.0021974416,0.3268298
0.3660339,0.0015009887,0.63246506
0.2900515,0.00086552784,0.709083
0.20031142,0.0006099458,0.7990786
0.23758356,0.0015173128,0.76089907
0.08858791,0.001974715,0.9094373
0.20379446,0.0067530335,0.7894525
0.23524629,0.005686495,0.7590672
0.21906538,0.00438107,0.7765536
0.023414772,0.002966877,0.9736183
0.09765669,0.018203627,0.8841396
0.3268375,0.07452539,0.5986371
0.040835183,0.0019045863,0.9572602
0.17390071,0.008323854,0.81777537
0.5048298,0.04933428,0.44583598
0.121177785,0.0009647327,0.87785745
0.108945325,0.004310291,0.88674444
0.018729547,0.00454199,0.97672844
0.010309036,0.0039322106,0.9857588
0.010270119,0.0023514375,0.98737854
0.010657191,0.0013760916,0.9879667
0.027247535,0.014806996,0.95794547
0.030042319,0.0037464132,0.9662113
0.16382387,0.0905264,0.74564976
0.06955509,0.05736958,0.8730754
0.21072455,0.09555175,0.6937237
0.06743966,0.0012949118,0.9312654
0.067198776,0.00095128885,0.9318499
0.057714,0.00105029,0.9412356
0.04336887,0.00080499786,0.9558261
0.04136511,0.0006331129,0.95800173
0.026327664,0.00036784445,0.9733045
0.022548657,0.00024128468,0.9772101
0.10368271,0.014442503,0.8818748
0.08696374,0.008547711,0.90448856
0.12501028,0.0427639,0.83222586
0.12400334,0.0051343213,0.8708623
0.036283057,0.060900234,0.9028168
0.09732827,0.032317214,0.8703546
0.032206908,0.027163155,0.9406299
0.06225969,0.063992254,0.873748
0.008142146,0.0012695029,0.9905883
0.0029002375,0.0015601234,0.9955396
0.08308545,0.10052055,0.81639403
0.009998063,0.00058535597,0.98941654
0.013213654,8.972441e-05,0.98669654
0.011398496,0.00020549158,0.98839605
0.10398942,0.008083281,0.8879273
0.012248231,0.00013317796,0.98761857
0.026321093,0.0002650081,0.9734138
0.016379694,0.00041162327,0.9832087
0.013690693,0.00013972972,0.9861696
0.024955213,0.0005921665,0.97445256
0.107434444,0.010559293,0.8820062
0.10799417,0.001317675,0.8906882
0.054528736,0.00028700376,0.9451843
0.07390327,0.0008468884,0.9252499
0.085771,0.0013076687,0.91292125
0.13770564,0.009856331,0.8524381
0.2035527,0.005953909,0.7904934
0.08594184,0.0052199303,0.9088383
0.26630232,0.02238029,0.7113175
0.14560065,0.03689452,0.8175049
0.10984794,0.015307826,0.8748442
0.1776989,0.008642146,0.813659
0.035285667,0.002831191,0.9618831
0.036375236,0.0039287107,0.9596961
0.102129996,0.0076289107,0.8902411
0.08429031,0.006425087,0.90928453
0.33522117,0.012431769,0.652347
0.05772905,0.005987234,0.93628377
0.11127503,0.022435308,0.8662896
0.07993133,0.001981547,0.9180871
0.03185419,0.00035837214,0.9677875
0.03827598,0.0010611345,0.96066284
0.041170426,0.0020762696,0.95675325
0.05650917,0.0046245568,0.9388662
0.04198096,0.010773164,0.9472459
0.027950589,0.00026606643,0.9717834
0.008562783,2.3052573e-05,0.9914141
